Week,Day,Date,Time,Home,xG_H,Score,xG_A,Away,Attendance,Venue,Referee,Possession_H,Possession_A,PassCompleted_H,PassTotal_H,PassCompleted_A,PassTotal_A,ShotsTarget_H,ShotsTotal_H,ShotsTarget_A,ShotsTotal_A,SaveCompleted_H,SaveTotal_H,SaveCompleted_A,SaveTotal_A,Fouls_H,Fouls_A,Corners_H,Corners_A,Crosses_H,Crosses_A,Touches_H,Touches_A,Tackles_H,Tackles_A,Interceptions_H,Interceptions_A,Aerials_H,Aerial_A,Clearances_H,Clearances_A,Offsides_H,Offsides_A,Goal_Kicks_H,Goal_Kicks_A,Throw_Ins_H,Throw_Ins_A,Long_Balls_H,Long_Balls_A
1,Sat,2023-04-15,16:00,Palmeiras,3.0,2–1,1.0,Cuiabá,"35,835",Allianz Parque,Paulo Cesar Zanovelli da Silva,52%,48%,415,508,364,466,5,17,4,12,3,4,3,5,23,12,4,4,22,15,610,578,19,22,8,11,15,21,10,23,3,2,12,8,25,19,83,51
1,Sat,2023-04-15,16:00,América (MG),1.1,0–3,3.1,Fluminense,"6,653",Estádio Raimundo Sampaio,Braulio da Silva Machado,46%,54%,293,395,383,463,2,17,7,14,4,7,2,2,25,9,11,1,43,6,506,583,19,15,16,9,8,17,7,32,2,3,4,16,15,13,68,57
1,Sat,2023-04-15,18:30,Fortaleza,1.5,1–1,0.9,Internacional,"30,191",Estádio Castelão,Edina Alves Batista,48%,52%,348,455,398,502,6,24,6,11,5,6,5,6,18,13,5,1,27,9,564,626,17,19,12,15,19,16,14,25,0,2,6,11,24,17,67,36
1,Sat,2023-04-15,18:30,Botafogo (RJ),0.9,2–1,2.0,São Paulo,"11,708",Estádio Nilton Santos,Ramon Abatti Abel,33%,67%,253,335,592,682,3,12,8,16,7,8,1,3,20,13,3,7,15,18,444,781,9,15,17,6,11,11,19,13,2,1,7,6,19,10,55,71
1,Sat,2023-04-15,18:30,RB Bragantino,2.0,2–1,0.7,Bahia,"3,368",Estádio Nabi Abi Chedid,Maguielson Lima Barbosa,55%,45%,367,488,273,396,7,13,3,9,2,3,5,7,20,13,4,7,17,14,609,519,26,11,12,12,8,11,18,20,2,3,7,13,26,36,63,85
1,Sat,2023-04-15,18:30,Ath Paranaense,0.8,2–0,1.0,Goiás,"15,329",Estádio Joaquim Américo Guimarães,Rafael Rodrigo Klein,44%,56%,306,410,428,530,3,11,2,16,2,2,1,3,19,18,3,8,20,23,529,639,16,12,12,10,23,26,16,26,1,1,10,5,18,24,75,61
1,Sun,2023-04-16,16:00,Corinthians,1.5,2–1,0.5,Cruzeiro,"41,304",Neo Química Arena,Anderson Daronco,41%,59%,334,443,531,636,7,12,2,8,1,2,5,7,14,12,7,4,15,24,545,747,19,14,12,7,14,7,23,21,4,3,5,8,16,31,65,60
1,Sun,2023-04-16,16:00,Flamengo,1.4,3–0,0.4,Coritiba,"42,848",Estadio Jornalista Mário Filho,Rodrigo José Pereira de Lima,58%,42%,505,581,348,420,6,14,3,10,3,3,4,6,20,17,6,3,16,12,704,556,23,28,12,11,7,9,13,17,1,2,3,5,19,21,58,58
1,Sun,2023-04-16,18:30,Grêmio,1.6,1–0,1.2,Santos,"13,997",Estádio Alfredo Jaconi,Wilton Sampaio,45%,55%,327,433,417,530,6,16,4,16,4,4,5,6,12,16,4,11,11,31,576,662,28,25,11,12,15,13,19,15,1,1,13,7,16,25,60,62
1,Sat,2023-04-15,21:00,Atlético Mineiro,1.5,1–2,1.5,Vasco da Gama,"34,980",Estádio Governador Magalhães Pinto,Raphael Claus,74%,26%,562,676,155,242,10,26,3,7,1,3,9,10,15,10,14,3,46,12,794,401,20,27,6,12,16,12,10,36,2,2,3,10,23,15,54,68
2,Sat,2023-04-22,16:00,Fluminense,0.8,2–0,0.6,Ath Paranaense,"38,598",Estadio Jornalista Mário Filho,Paulo Cesar Zanovelli da Silva,62%,38%,520,617,293,374,4,14,1,10,1,1,2,4,13,20,10,6,26,16,714,489,14,15,5,15,17,13,14,26,3,1,6,7,23,15,51,64
2,Sat,2023-04-22,17:30 (18:30),Cuiabá,1.2,1–1,0.9,RB Bragantino,"9,267",Arena Pantanal,Caio Max Augusto Vieira,34%,66%,194,298,445,567,3,14,2,7,1,2,2,3,17,21,4,5,20,21,413,670,14,12,8,8,22,15,26,24,3,2,8,9,25,29,74,73
2,Sat,2023-04-22,18:30,São Paulo,2.4,3–0,1.1,América (MG),"41,006",Estádio do Morumbi,Wagner do Nascimento Magalhães,53%,47%,389,482,334,432,6,17,8,22,8,8,3,6,18,12,3,7,20,24,592,537,13,11,7,6,16,14,28,15,1,3,12,10,22,18,80,57
2,Sun,2023-04-23,11:00,Internacional,1.1,2–1,1.5,Flamengo,"45,751",Estádio José Pinheiro Borba,Ramon Abatti Abel,36%,64%,275,353,547,629,4,16,4,16,3,4,2,4,14,13,6,2,21,11,478,730,19,9,18,7,9,6,17,14,2,3,10,8,16,22,49,49
2,Sun,2023-04-23,16:00,Santos,0.8,0–0,1.2,Atlético Mineiro,"11,233",Estádio Urbano Caldeira,Braulio da Silva Machado,37%,63%,274,359,497,603,2,12,5,15,5,5,2,2,11,21,9,6,20,18,496,731,22,20,13,13,19,12,29,21,0,1,5,5,17,29,48,72
2,Sun,2023-04-23,16:00,Vasco da Gama,1.4,2–2,0.7,Palmeiras,"59,867",Estádio Club de Regatas Vasco da Gama,Rafael Rodrigo Klein,36%,64%,203,304,409,530,3,11,7,13,5,7,1,3,19,15,2,5,16,31,422,649,12,15,8,6,19,25,43,28,0,0,6,4,25,23,62,76
2,Sun,2023-04-23,18:30,Coritiba,0.7,0–3,2.6,Fortaleza,"24,423",Estádio Major Antônio Couto Pereira,Wilton Sampaio,58%,42%,452,544,294,391,7,18,9,16,6,9,7,7,9,10,3,7,14,20,671,503,23,27,10,14,12,7,23,14,2,2,10,7,24,20,65,80
2,Sun,2023-04-23,19:00,Goiás,1.2,3–1,0.5,Corinthians,"8,508",Estádio de Hailé Pinheiro,Bruno Arleu de Araujo,52%,48%,358,461,338,429,7,18,2,10,1,2,4,7,21,23,5,8,30,12,564,539,12,16,14,13,14,9,13,31,4,1,5,11,29,21,69,64
2,Sat,2023-04-22,21:00,Cruzeiro,1.5,1–0,0.8,Grêmio,"21,605",Estádio Raimundo Sampaio,Flavio Rodrigues de Souza,49%,51%,423,538,422,552,6,21,7,11,7,7,5,6,21,8,11,5,24,17,670,666,17,17,17,11,14,22,21,18,1,3,5,10,21,19,81,53
2,Mon,2023-04-24,20:00,Bahia,0.9,1–2,0.2,Botafogo (RJ),"27,822",Itaipava Arena Fonte Nova,Raphael Claus,58%,42%,475,582,313,415,5,13,3,5,1,3,4,5,18,9,6,3,21,13,698,552,20,24,13,15,11,14,16,31,0,5,6,7,20,28,59,60
3,Sat,2023-04-29,16:30,Fortaleza,5.3,4–2,1.5,Fluminense,"39,943",Estádio Castelão,Raphael Claus,31%,69%,209,285,569,643,17,20,3,12,1,3,13,17,8,15,8,5,14,22,408,766,29,13,10,4,13,14,21,18,2,1,6,3,12,19,52,29
3,Sat,2023-04-29,16:30,Coritiba,1.8,1–1,1.1,São Paulo,"25,210",Estádio Major Antônio Couto Pereira,Rafael Rodrigo Klein,33%,67%,231,328,574,660,5,16,6,23,5,6,4,5,14,12,7,6,22,12,449,790,23,19,16,11,13,13,20,22,2,2,8,8,15,27,68,53
3,Sat,2023-04-29,18:30,Santos,1.8,3–2,1.8,América (MG),"11,844",Estádio Urbano Caldeira,Anderson Daronco,44%,56%,233,331,317,428,5,11,8,19,6,8,3,5,19,16,2,6,17,25,456,543,17,16,10,8,19,23,31,17,0,1,11,4,17,29,57,54
3,Sat,2023-04-29,18:30,Palmeiras,1.4,2–1,0.5,Corinthians,"41,457",Allianz Parque,Wilton Sampaio,54%,46%,454,549,385,474,6,21,2,10,2,2,4,6,20,15,12,3,21,13,663,571,19,12,10,8,14,12,21,22,0,1,2,12,14,20,74,51
3,Sat,2023-04-29,18:30,RB Bragantino,1.5,0–3,2.0,Cruzeiro,"4,829",Estádio Nabi Abi Chedid,Braulio da Silva Machado,46%,54%,326,428,408,512,5,12,5,18,2,5,5,5,18,8,5,9,21,13,535,641,10,28,4,10,14,13,11,17,1,4,14,11,33,15,58,96
3,Sun,2023-04-30,16:00,Flamengo,3.1,2–3,1.9,Botafogo (RJ),"53,138",Estadio Jornalista Mário Filho,Edina Alves Batista,74%,26%,592,698,171,249,13,24,5,11,3,5,11,13,14,12,7,2,29,9,791,377,12,18,10,11,10,8,7,33,3,1,5,11,20,11,51,56
3,Sun,2023-04-30,17:30 (18:30),Cuiabá,1.2,1–2,1.7,Grêmio,"21,385",Arena Pantanal,Bruno Arleu de Araujo,50%,50%,368,473,367,465,4,15,6,12,4,6,3,4,16,12,7,5,39,13,559,571,13,10,9,9,18,21,19,33,2,2,7,8,15,17,54,53
3,Sun,2023-04-30,18:30,Internacional,0.9,1–0,0.8,Goiás,"29,193",Estádio José Pinheiro Borba,Rodrigo José Pereira de Lima,57%,43%,418,505,299,388,8,18,1,15,1,1,7,8,16,10,8,11,27,29,619,501,8,18,5,5,20,12,21,26,1,4,10,5,13,20,44,74
3,Sat,2023-04-29,21:00,Atlético Mineiro,2.0,2–1,0.6,Ath Paranaense,"15,037",Estádio Raimundo Sampaio,Ramon Abatti Abel,59%,41%,521,609,338,428,6,16,3,8,2,3,4,6,18,11,1,5,13,12,717,533,21,13,11,12,13,8,18,14,2,3,6,11,19,11,52,75
3,Mon,2023-05-01,20:00,Vasco da Gama,0.9,0–1,1.1,Bahia,"19,223",Estádio Club de Regatas Vasco da Gama,Flavio Rodrigues de Souza,56%,44%,382,497,292,398,6,15,6,12,5,6,6,6,19,19,7,6,28,18,583,515,11,9,10,13,18,17,14,35,5,0,7,14,26,17,79,60
4,Sat,2023-05-06,16:00,Cruzeiro,1.6,2–1,1.0,Santos,"21,191",Estádio Raimundo Sampaio,Bruno Arleu de Araujo,55%,45%,431,539,336,448,3,10,4,9,3,4,1,3,17,15,4,4,13,16,642,547,23,19,11,5,7,12,11,10,0,5,9,8,27,25,76,76
4,Sun,2023-05-07,11:00,América (MG),1.4,1–2,0.5,Cuiabá,"5,228",Estádio Raimundo Sampaio,Denis da Silva Ribeiro Serafim,46%,54%,346,448,412,533,4,15,5,9,4,5,3,4,19,12,4,6,17,28,571,647,8,29,10,7,19,17,23,16,5,2,6,7,12,20,51,75
4,Sun,2023-05-07,16:00,Bahia,1.5,3–1,0.4,Coritiba,"37,936",Itaipava Arena Fonte Nova,Bruno Mota Correia,50%,50%,357,457,354,458,5,15,4,10,3,4,3,5,28,24,3,5,15,14,572,570,22,22,13,8,18,9,13,10,1,2,3,7,14,25,57,64
4,Sun,2023-05-07,16:00,São Paulo,1.9,2–0,0.8,Internacional,"46,093",Estádio do Morumbi,Braulio da Silva Machado,42%,58%,328,406,463,551,3,6,3,15,3,3,1,3,16,9,4,9,8,23,524,652,19,16,7,10,8,7,31,12,2,3,4,3,20,37,54,59
4,Sun,2023-05-07,16:00,Ath Paranaense,1.0,2–1,1.5,Flamengo,"32,949",Estádio Joaquim Américo Guimarães,Raphael Claus,40%,60%,290,382,475,577,4,10,3,13,3,3,2,4,15,11,2,8,7,20,502,677,19,15,7,11,8,13,25,16,2,0,6,8,20,16,65,62
4,Sun,2023-05-07,18:30,Botafogo (RJ),2.0,2–0,0.5,Atlético Mineiro,"18,218",Estádio Nilton Santos,Flavio Rodrigues de Souza,39%,61%,305,383,486,588,7,22,1,9,1,1,5,7,14,8,5,9,19,20,513,697,22,17,13,9,17,5,36,19,0,4,7,12,18,23,58,59
4,Sun,2023-05-07,18:30,Grêmio,1.7,3–3,1.8,RB Bragantino,"23,760",Arena do Grêmio,Paulo Cesar Zanovelli da Silva,42%,58%,261,391,388,532,2,10,7,21,4,7,0,2,9,20,4,7,11,28,545,661,23,16,10,16,23,17,36,18,3,2,9,9,20,31,67,59
4,Sun,2023-05-07,18:30,Goiás,0.7,0–5,2.0,Palmeiras,"13,789",Estádio de Hailé Pinheiro,Wagner do Nascimento Magalhães,44%,57%,355,435,489,565,4,15,7,17,3,7,4,4,13,29,4,6,21,19,532,658,19,14,8,2,7,13,19,18,1,1,7,10,15,12,44,69
4,Sat,2023-05-06,21:00,Fluminense,1.8,1–1,0.7,Vasco da Gama,"39,850",Estadio Jornalista Mário Filho,Wilton Sampaio,78%,22%,691,801,128,221,9,23,1,8,0,1,8,9,12,19,9,1,39,8,895,350,11,21,4,13,15,13,6,39,1,1,6,16,26,15,44,66
4,Mon,2023-05-08,20:00,Corinthians,1.5,1–1,0.8,Fortaleza,"36,512",Neo Química Arena,Ramon Abatti Abel,49%,51%,445,533,468,545,8,21,2,16,1,2,7,8,6,9,5,5,17,15,650,667,13,18,8,11,9,10,19,23,3,2,10,11,23,12,60,46
5,Wed,2023-05-10,19:00,RB Bragantino,1.7,2–2,2.0,América (MG),"2,909",Estádio Nabi Abi Chedid,Rafael Rodrigo Klein,62%,38%,367,497,185,306,9,20,1,8,1,1,7,9,16,17,5,4,30,11,637,450,16,20,14,15,15,22,15,31,3,2,5,9,22,16,70,80
5,Wed,2023-05-10,19:00,Internacional,1.0,0–2,1.5,Ath Paranaense,"13,537",Estádio José Pinheiro Borba,Bruno Arleu de Araujo,47%,53%,394,483,455,554,3,12,5,14,3,5,3,3,11,10,4,3,23,13,608,673,17,14,5,9,14,16,29,20,2,2,5,15,31,23,50,70
5,Wed,2023-05-10,19:00 (20:00),Cuiabá,0.2,0–4,2.8,Atlético Mineiro,"12,029",Arena Pantanal,Wilton Sampaio,47%,53%,424,507,492,571,1,7,6,7,3,6,1,1,12,17,6,1,21,2,596,675,16,24,13,9,10,12,6,21,0,1,5,9,18,13,41,74
5,Wed,2023-05-10,19:00,Santos,2.0,3–0,1.3,Bahia,"7,262",Estádio Urbano Caldeira,Wagner do Nascimento Magalhães,41%,59%,319,410,503,588,9,14,3,17,3,3,6,9,18,13,1,4,5,9,539,707,28,19,11,13,11,12,17,10,5,1,8,2,19,27,47,48
5,Wed,2023-05-10,20:00,Flamengo,2.6,2–0,0.7,Goiás,"44,948",Estadio Jornalista Mário Filho,Savio Pereira,57%,43%,515,596,365,453,4,22,6,14,6,6,3,4,22,9,8,7,26,22,729,595,20,23,4,9,13,11,25,32,1,1,6,10,15,18,44,66
5,Thu,2023-05-11,19:00,Coritiba,1.0,1–1,0.8,Vasco da Gama,"20,880",Estádio Major Antônio Couto Pereira,Ramon Abatti Abel,36%,64%,243,339,482,605,5,10,2,7,1,2,4,5,22,15,5,5,14,30,463,697,19,19,5,8,13,22,30,16,1,3,4,7,21,26,65,73
5,Thu,2023-05-11,19:30,Botafogo (RJ),2.6,3–0,0.6,Corinthians,"22,388",Estádio Nilton Santos,Anderson Daronco,53%,47%,563,636,483,561,5,15,4,12,4,4,3,5,12,5,3,3,13,13,740,651,10,20,11,7,10,8,17,11,0,0,7,6,13,16,53,43
5,Thu,2023-05-11,20:00,Fortaleza,0.8,0–0,0.8,São Paulo,"37,775",Estádio Castelão,Paulo Cesar Zanovelli da Silva,44%,56%,317,408,429,521,2,16,1,13,1,1,2,2,9,17,4,10,18,17,507,618,23,12,6,14,19,11,31,20,3,2,2,9,16,18,51,81
5,Wed,2023-05-10,21:30,Cruzeiro,2.1,0–2,1.2,Fluminense,"51,846",Estádio Governador Magalhães Pinto,Flavio de Souza,48%,52%,390,474,435,505,5,26,6,11,4,6,5,5,14,10,16,3,47,9,582,624,23,14,9,7,9,10,8,37,1,3,7,14,21,17,59,47
5,Wed,2023-05-10,21:30,Palmeiras,3.8,4–1,0.1,Grêmio,"37,532",Allianz Parque,Braulio da Silva Machado,59%,41%,528,614,344,430,9,27,2,3,1,2,6,9,10,13,7,4,24,8,717,515,8,10,10,12,14,9,14,20,2,0,6,15,23,12,82,46
6,Sat,2023-05-13,16:00,Bahia,1.4,2–3,2.2,Flamengo,"48,502",Itaipava Arena Fonte Nova,Paulo Cesar Zanovelli da Silva,52%,48%,373,459,355,430,6,20,3,13,1,3,4,6,16,13,10,4,29,14,555,545,16,14,4,7,9,16,16,30,0,5,10,14,18,13,47,57
6,Sat,2023-05-13,18:30,Palmeiras,1.6,1–1,1.0,RB Bragantino,"39,488",Allianz Parque,Savio Pereira,58%,42%,388,503,279,368,6,22,3,8,2,3,5,6,12,19,15,6,33,15,607,488,19,12,11,13,19,16,13,27,3,2,6,13,15,19,93,57
6,Sat,2023-05-13,18:30,Fluminense,0.9,2–0,0.9,Cuiabá,"39,040",Estadio Jornalista Mário Filho,Edina Alves Batista,61%,39%,585,676,350,429,2,7,2,13,2,2,0,2,14,10,7,3,15,18,780,551,22,20,9,10,12,6,18,12,0,4,10,9,13,15,46,52
6,Sun,2023-05-14,16:00,Vasco da Gama,1.7,0–1,0.6,Santos,"18,476",Estádio Club de Regatas Vasco da Gama,Rodrigo José Pereira de Lima,68%,32%,471,597,186,282,9,23,1,6,0,1,9,9,14,12,14,1,50,5,712,439,28,27,6,9,17,27,5,50,0,3,7,9,28,23,67,50
6,Sun,2023-05-14,16:00,Corinthians,0.9,1–1,0.9,São Paulo,"41,118",Neo Química Arena,Bruno Arleu de Araujo,34%,66%,296,388,647,738,2,6,1,7,0,1,2,2,16,18,5,4,19,20,504,834,23,14,9,10,7,19,25,25,0,2,3,5,23,19,51,42
6,Sun,2023-05-14,16:00,Grêmio,0.8,0–0,0.6,Fortaleza,"17,396",Arena do Grêmio,Bruno Mota Correia,57%,43%,441,563,316,428,6,17,4,14,4,4,6,6,22,22,9,5,22,17,686,562,20,11,13,9,12,12,17,29,1,1,9,12,20,16,67,74
6,Sun,2023-05-14,18:30,Ath Paranaense,2.9,3–2,0.4,Coritiba,"17,608",Estádio Joaquim Américo Guimarães,Flavio Rodrigues de Souza,64%,36%,538,659,237,363,7,26,3,7,1,3,4,7,9,12,4,1,28,10,774,483,16,21,10,15,28,22,6,27,1,1,5,15,30,23,87,83
6,Sun,2023-05-14,18:30,América (MG),1.3,0–4,2.6,Cruzeiro,"4,295",Estádio Raimundo Sampaio,Wilton Sampaio,48%,52%,323,433,365,472,2,15,8,16,4,8,2,2,10,17,5,6,27,23,536,586,17,16,7,17,23,16,19,23,5,3,8,10,15,17,64,77
6,Sun,2023-05-14,18:30,Goiás,1.9,2–1,1.5,Botafogo (RJ),"6,674",Estádio de Hailé Pinheiro,Rafael Rodrigo Klein,47%,53%,293,389,331,446,4,7,1,16,1,1,2,4,23,18,4,7,19,22,521,560,21,19,8,7,18,17,23,22,2,2,12,5,22,25,56,73
6,Sat,2023-05-13,21:00,Atlético Mineiro,2.0,2–0,0.3,Internacional,"36,080",Estádio Club de Regatas Vasco da Gama,Raphael Claus,54%,46%,427,544,350,467,4,14,4,6,4,4,2,4,14,8,3,3,10,13,653,581,17,22,3,9,19,16,16,15,0,2,9,9,17,21,82,57
7,Sat,2023-05-20,16:00,Bahia,2.3,1–1,0.9,Goiás,"32,519",Itaipava Arena Fonte Nova,Denis da Silva Ribeiro Serafim,50%,50%,381,481,374,472,4,23,5,13,4,5,3,4,19,13,4,6,28,11,617,597,27,13,14,12,11,6,16,25,1,6,7,13,20,24,61,56
7,Sat,2023-05-20,18:30,Botafogo (RJ),1.4,1–0,0.9,Fluminense,"24,732",Estádio Nilton Santos,Braulio da Silva Machado,35%,65%,242,315,498,575,7,21,0,3,0,0,6,7,24,14,7,4,21,13,427,670,19,17,9,4,15,11,17,18,2,1,3,6,19,14,64,44
7,Sat,2023-05-20,18:30,América (MG),0.8,2–1,1.2,Fortaleza,"2,488",Estádio Raimundo Sampaio,Luiz Flávio de Oliveira,28%,72%,209,308,687,797,3,9,5,16,4,5,1,3,14,8,1,2,4,27,435,892,18,14,10,7,13,17,31,14,0,1,8,5,18,23,61,70
7,Sat,2023-05-20,18:30,Coritiba,1.0,1–2,1.5,Atlético Mineiro,"20,047",Estádio Major Antônio Couto Pereira,Rodrigo José Pereira de Lima,35%,65%,228,312,502,591,3,9,7,18,6,7,3,3,20,17,5,7,12,25,428,721,19,23,8,9,15,14,28,11,2,1,7,6,19,17,64,61
7,Sat,2023-05-20,18:30,RB Bragantino,1.7,2–0,1.1,Ath Paranaense,"3,769",Estádio Nabi Abi Chedid,Felipe Fernandes de Lima,60%,40%,395,496,218,333,4,13,4,14,4,4,2,4,20,12,6,5,16,11,635,436,20,11,3,7,14,17,26,18,2,3,11,10,18,24,52,89
7,Sat,2023-05-20,18:30,São Paulo,2.3,4–2,1.1,Vasco da Gama,"57,399",Estádio do Morumbi,Leandro Pedro Vuaden,52%,48%,402,500,358,457,7,15,4,17,2,4,3,7,9,16,3,9,13,31,635,576,16,20,5,4,15,15,32,9,0,1,10,5,24,26,80,58
7,Sun,2023-05-21,16:00,Flamengo,0.6,1–0,1.2,Corinthians,"64,871",Estadio Jornalista Mário Filho,Rafael Rodrigo Klein,64%,36%,634,710,307,391,3,10,3,15,3,3,2,3,9,12,6,9,20,17,802,487,12,16,5,7,6,14,16,19,0,2,7,6,17,13,64,61
7,Sun,2023-05-21,18:30,Grêmio,1.7,3–1,1.5,Internacional,"39,438",Arena do Grêmio,Flavio Rodrigues de Souza,30%,70%,164,272,517,621,6,14,4,24,3,4,3,6,14,15,3,7,12,30,395,739,12,12,10,14,21,16,33,20,1,1,14,6,24,18,70,47
7,Sat,2023-05-20,21:00,Santos,0.4,0–0,0.4,Palmeiras,"12,641",Estádio Urbano Caldeira,Raphael Claus,39%,61%,265,380,495,607,4,12,1,11,1,1,4,4,15,11,3,4,13,17,504,724,20,12,9,12,15,11,26,9,0,3,10,9,21,28,51,70
7,Mon,2023-05-22,20:00,Cruzeiro,1.2,0–1,1.2,Cuiabá,"15,722",Estádio Joaquim Henrique Nogueirão,Savio Pereira,65%,35%,481,606,215,327,8,15,2,15,1,2,8,8,16,15,6,2,25,9,711,447,16,15,13,11,22,17,9,26,5,2,10,15,33,25,100,87
8,Sat,2023-05-27,16:00,Ath Paranaense,1.3,1–2,0.7,Grêmio,"25,966",Estádio Joaquim Américo Guimarães,Savio Pereira,66%,34%,498,604,208,313,4,16,4,10,2,4,3,4,14,15,10,5,31,13,722,435,14,10,9,5,26,24,19,39,1,2,6,16,28,14,91,66
8,Sat,2023-05-27,16:00,Fortaleza,1.5,2–0,0.7,Vasco da Gama,"37,625",Estádio Castelão,Edina Alves Batista,49%,51%,328,420,331,430,6,14,1,12,1,1,4,6,11,15,9,5,27,17,535,540,20,19,6,8,17,16,21,17,3,3,8,7,14,20,67,77
8,Sat,2023-05-27,17:30 (18:30),Cuiabá,0.7,1–1,1.0,Coritiba,"8,660",Arena Pantanal,Denis da Silva Ribeiro Serafim,43%,57%,328,439,463,575,3,9,2,8,1,2,2,3,8,13,2,6,21,15,555,695,16,14,11,8,27,10,16,24,0,3,11,7,24,34,75,75
8,Sat,2023-05-27,18:30,Flamengo,2.4,1–1,1.9,Cruzeiro,"65,270",Estadio Jornalista Mário Filho,Luiz Flávio de Oliveira,62%,38%,563,665,326,416,2,13,6,18,5,6,1,2,12,18,2,1,15,15,767,542,13,24,9,11,11,14,13,19,5,3,10,12,21,18,77,61
8,Sun,2023-05-28,16:00,Corinthians,1.4,2–0,1.3,Fluminense,"34,624",Neo Química Arena,Leandro Pedro Vuaden,30%,70%,254,341,697,778,4,14,7,22,7,7,2,4,18,6,7,6,17,22,458,879,15,11,8,9,11,14,21,15,2,3,13,10,10,23,58,26
8,Sun,2023-05-28,16:00,Internacional,0.9,2–0,1.1,Bahia,"19,037",Estádio José Pinheiro Borba,Wagner do Nascimento Magalhães,44%,56%,373,460,475,581,2,7,4,9,4,4,0,2,10,13,2,7,8,30,575,664,16,10,13,9,10,10,32,10,3,0,10,2,14,20,48,54
8,Sun,2023-05-28,18:30,Atlético Mineiro,0.8,1–1,1.1,Palmeiras,"53,236",Estádio Governador Magalhães Pinto,Braulio da Silva Machado,57%,43%,432,527,304,392,4,10,2,11,1,2,3,4,27,15,3,3,18,13,627,508,20,17,5,12,7,7,16,21,0,3,6,8,14,20,54,85
8,Sun,2023-05-28,18:30,RB Bragantino,1.5,2–0,0.3,Santos,"5,988",Estádio Nabi Abi Chedid,Anderson Daronco,59%,41%,416,551,262,390,9,19,1,9,1,1,7,9,13,10,5,4,20,9,683,542,26,31,11,18,13,17,11,20,3,4,8,10,42,31,91,60
8,Sun,2023-05-28,19:00,Botafogo (RJ),2.1,2–0,0.4,América (MG),"23,708",Estádio Nilton Santos,Raphael Claus,55%,45%,427,517,326,428,6,18,1,4,1,1,4,6,9,11,7,0,19,11,621,524,11,15,11,11,8,23,20,16,2,3,5,7,18,23,75,54
8,Sat,2023-05-27,21:00,São Paulo,0.9,2–1,0.3,Goiás,"45,429",Estádio do Morumbi,Rafael Rodrigo Klein,67%,33%,563,647,245,320,6,16,4,8,3,4,4,6,12,16,11,5,28,17,748,433,17,12,8,7,12,9,14,27,3,1,4,17,8,16,65,69
9,Sat,2023-06-03,16:00,Fortaleza,0.6,0–0,0.3,Bahia,"38,338",Estádio Castelão,João Vitor Gobi,55%,45%,362,479,291,398,2,11,2,7,2,2,2,2,17,9,8,4,28,10,567,517,18,14,10,12,12,19,9,30,3,3,3,10,24,11,61,71
9,Sat,2023-06-03,18:30,Ath Paranaense,0.9,1–0,0.6,Botafogo (RJ),"18,684",Estádio Joaquim Américo Guimarães,Vinicius Gonçalves Dias Araujo,49%,51%,343,443,371,464,7,16,4,13,4,4,6,7,15,12,6,7,18,16,568,583,22,16,9,10,11,16,23,21,3,0,4,10,29,15,86,55
9,Sat,2023-06-03,18:30,Cruzeiro,1.8,0–1,0.6,Atlético Mineiro,"34,344",Estádio Municipal João Havelange,Savio Pereira,64%,36%,410,513,185,287,5,19,3,7,2,3,5,5,19,21,12,4,41,11,625,405,8,22,12,7,19,13,12,31,3,5,3,9,20,22,84,68
9,Sat,2023-06-03,18:30,América (MG),1.3,2–0,1.2,Corinthians,"6,701",Estádio Raimundo Sampaio,Anderson Daronco,30%,70%,212,323,618,749,5,15,2,5,2,2,4,5,16,14,2,3,13,18,444,844,9,17,12,11,20,23,14,15,1,0,11,5,18,28,77,74
9,Sun,2023-06-04,16:00,Fluminense,1.1,2–1,0.6,RB Bragantino,"27,228",Estadio Jornalista Mário Filho,Rodrigo José Pereira de Lima,51%,49%,367,460,347,444,4,12,3,15,2,3,2,4,11,12,6,6,11,17,580,558,15,13,9,10,13,9,18,20,2,1,9,7,19,17,53,63
9,Sun,2023-06-04,16:00,Grêmio,1.9,2–1,1.1,São Paulo,"42,207",Arena do Grêmio,Wilton Sampaio,40%,60%,315,411,501,609,6,20,4,16,3,4,5,6,9,13,6,8,15,29,559,724,17,17,15,7,16,16,27,14,3,2,13,9,15,23,62,50
9,Sun,2023-06-04,18:30,Goiás,0.4,0–1,1.2,Cuiabá,"6,987",Estádio de Hailé Pinheiro,Marcelo de Lima Henrique,55%,45%,400,502,313,404,3,11,8,15,7,8,3,3,19,14,4,5,26,18,595,532,15,21,4,8,16,25,13,37,2,1,7,9,22,16,74,68
9,Sun,2023-06-04,18:30,Palmeiras,2.5,3–1,0.6,Coritiba,"33,570",Allianz Parque,Felipe Fernandes de Lima,51%,49%,397,486,378,458,8,23,4,7,3,4,5,8,15,13,11,6,38,19,585,568,12,14,11,3,11,12,10,29,3,0,6,11,24,17,94,54
9,Sat,2023-06-03,21:00,Santos,1.4,1–1,1.1,Internacional,"9,600",Estádio Urbano Caldeira,Paulo Cesar Zanovelli da Silva,56%,44%,430,529,321,414,4,17,3,8,2,3,3,4,19,12,5,5,27,15,633,529,18,20,4,9,18,6,17,22,0,0,3,13,23,11,53,59
9,Mon,2023-06-05,20:00,Vasco da Gama,1.5,1–4,1.1,Flamengo,"46,423",Estadio Jornalista Mário Filho,Braulio Machado,45%,55%,363,462,483,563,4,12,5,11,1,5,4,4,13,18,4,0,24,3,560,689,17,21,8,12,7,15,11,24,2,0,8,9,19,15,72,63
10,Sat,2023-06-10,16:00,Coritiba,1.2,0–0,0.8,Santos,"25,987",Estádio Major Antônio Couto Pereira,Bruno Mota Correia,47%,53%,304,408,357,462,7,19,3,7,3,3,7,7,15,18,8,3,20,17,522,574,20,19,6,8,16,14,18,23,4,3,3,12,30,24,66,81
10,Sat,2023-06-10,18:30,Corinthians,1.4,1–1,0.7,Cuiabá,"40,512",Neo Química Arena,André Luiz Skettino Policarpo Bento,61%,39%,500,594,289,375,7,24,2,10,1,2,6,7,11,13,8,6,37,17,711,499,10,17,5,6,18,9,18,26,1,1,5,15,22,14,70,66
10,Sat,2023-06-10,18:30,Bahia,1.4,2–2,2.4,Cruzeiro,"34,019",Itaipava Arena Fonte Nova,Rodrigo José Pereira de Lima,48%,52%,346,465,402,510,5,14,7,15,5,7,3,5,15,9,6,5,22,15,564,622,15,13,10,12,12,12,13,24,8,5,3,6,22,20,56,68
10,Sat,2023-06-10,18:30,Atlético Mineiro,1.7,1–1,0.5,RB Bragantino,"28,786",Estádio Governador Magalhães Pinto,Rafael Rodrigo Klein,61%,39%,465,608,262,392,6,16,3,7,2,3,5,6,8,14,7,2,24,11,731,520,23,16,9,12,21,12,13,29,5,1,4,8,23,19,92,77
10,Sun,2023-06-11,11:00,América (MG),1.9,2–2,0.8,Ath Paranaense,"5,902",Estádio Governador Magalhães Pinto,João Vitor Gobi,50%,50%,303,418,279,411,11,20,4,9,2,4,9,11,19,10,7,3,26,16,536,521,18,14,9,16,20,25,16,22,1,1,10,8,21,30,78,95
10,Sun,2023-06-11,16:00,Internacional,1.6,2–1,0.9,Vasco da Gama,"18,044",Estádio José Pinheiro Borba,Edina Alves Batista,44%,56%,363,449,470,560,3,11,5,14,4,5,1,3,13,21,7,6,17,17,547,654,12,18,6,7,11,13,18,17,0,4,5,7,16,18,55,54
10,Sun,2023-06-11,16:00,São Paulo,1.4,0–2,0.7,Palmeiras,"56,871",Estádio do Morumbi,Raphael Claus,65%,35%,544,635,255,340,6,26,4,10,2,4,6,6,15,16,8,3,34,9,758,468,17,20,8,3,15,10,6,32,0,2,5,8,21,15,43,69
10,Sun,2023-06-11,18:30,Flamengo,1.9,3–0,2.0,Grêmio,"62,967",Estadio Jornalista Mário Filho,Savio Pereira,52%,48%,432,530,376,481,4,14,7,25,7,7,1,4,20,17,3,7,7,16,639,584,15,16,15,11,12,10,15,10,1,1,10,10,16,20,59,52
10,Sun,2023-06-11,18:30,Goiás,2.1,2–2,1.3,Fluminense,"10,260",Estádio de Hailé Pinheiro,Leandro Pedro Vuaden,41%,59%,281,369,442,522,8,21,4,13,2,4,7,8,15,23,6,7,24,21,488,641,23,19,5,7,24,7,20,18,5,1,10,14,20,18,66,58
10,Sat,2023-06-10,21:00,Botafogo (RJ),3.7,2–0,0.4,Fortaleza,"19,297",Estádio Nilton Santos,Wilton Sampaio,54%,46%,451,536,358,455,9,20,3,8,3,3,7,9,16,12,7,3,18,14,652,564,21,16,9,12,12,15,18,25,1,4,5,8,18,19,81,47
11,Wed,2023-06-21,19:00,Cruzeiro,1.1,0–1,1.8,Fortaleza,"28,494",Estádio Governador Magalhães Pinto,Bruno Arleu de Araujo,67%,33%,497,619,197,305,3,12,2,10,1,2,3,3,9,12,5,2,27,9,716,423,14,15,5,14,19,17,9,24,1,7,7,15,26,17,81,81
11,Wed,2023-06-21,19:00,São Paulo,0.6,2–1,1.2,Ath Paranaense,"22,882",Estádio do Morumbi,Savio Pereira,56%,44%,419,520,328,411,5,8,4,14,3,4,3,5,15,11,4,4,15,17,594,516,5,17,4,11,13,9,18,18,3,2,10,6,18,23,53,73
11,Wed,2023-06-21,20:00,Santos,0.8,0–2,1.3,Corinthians,"12,499",Estádio Urbano Caldeira,Leandro Pedro Vuaden,51%,49%,389,479,384,468,4,12,4,10,2,4,4,4,17,14,5,2,28,8,575,568,9,14,10,3,8,13,14,26,0,1,4,9,22,18,46,65
11,Thu,2023-06-22,19:00 (20:00),Cuiabá,1.1,0–1,1.2,Botafogo (RJ),"13,981",Arena Pantanal,Flavio Rodrigues de Souza,52%,48%,430,529,405,494,9,23,2,4,2,2,9,9,11,13,6,2,26,11,633,601,22,6,7,6,13,7,17,28,2,2,3,12,15,26,51,75
11,Thu,2023-06-22,19:00,Grêmio,2.4,3–1,0.8,América (MG),"15,864",Arena do Grêmio,Edina Alves Batista,72%,28%,678,786,203,313,9,22,2,8,1,2,7,9,10,11,10,2,23,9,902,444,12,22,8,11,15,10,15,39,2,3,3,12,26,19,72,58
11,Thu,2023-06-22,20:00,Coritiba,1.5,0–1,0.9,Internacional,"25,983",Estádio Major Antônio Couto Pereira,André Luiz Skettino Policarpo Bento,51%,49%,320,426,313,412,4,14,3,4,3,3,4,4,23,14,10,5,24,8,533,508,17,11,5,3,17,12,15,22,1,6,1,12,14,32,61,75
11,Thu,2023-06-22,20:00,Vasco da Gama,1.7,0–1,0.4,Goiás,"17,647",Estádio Club de Regatas Vasco da Gama,Jean Pierre Goncalves Lima,60%,40%,494,594,310,404,4,21,1,8,0,1,4,4,19,24,8,2,42,16,712,543,8,26,7,14,13,26,9,37,4,3,5,11,21,16,57,63
11,Wed,2023-06-21,21:30,Bahia,1.1,1–0,0.8,Palmeiras,"31,013",Itaipava Arena Fonte Nova,Wilton Sampaio,46%,54%,336,425,377,490,3,9,2,10,2,2,2,3,18,16,6,8,14,19,549,587,22,20,8,9,10,10,22,14,6,7,8,3,18,17,50,55
11,Wed,2023-06-21,21:30,Fluminense,0.4,1–1,1.4,Atlético Mineiro,"7,788",Estádio General Sílvio Raulino de Olivei...,Ramon Abatti Abel,49%,51%,374,452,374,471,4,9,6,14,6,6,3,4,20,19,3,5,10,18,568,576,12,22,9,8,10,10,20,9,5,0,6,5,13,23,32,65
11,Thu,2023-06-22,21:30,RB Bragantino,3.3,4–0,0.8,Flamengo,"10,103",Estádio Nabi Abi Chedid,Anderson Daronco,59%,41%,444,563,285,388,13,36,0,7,0,0,9,13,2,5,17,2,37,5,698,532,15,21,10,4,12,9,13,45,2,2,5,8,22,21,91,56
12,Sat,2023-06-24,16:00,Ath Paranaense,2.7,1–0,0.9,Corinthians,"30,144",Estádio Joaquim Américo Guimarães,Wagner do Nascimento Magalhães,35%,65%,273,353,560,653,6,24,3,12,3,3,5,6,25,11,5,5,12,22,471,762,17,14,11,8,14,15,18,12,1,1,10,9,13,21,47,59
12,Sat,2023-06-24,18:30,Fortaleza,0.8,2–1,1.0,Atlético Mineiro,"27,109",Estádio Castelão,Leandro Pedro Vuaden,42%,58%,375,453,536,623,3,9,4,18,3,4,1,3,10,13,3,8,14,16,545,713,19,18,8,3,17,9,14,9,1,1,12,7,13,13,61,60
12,Sat,2023-06-24,18:30,Fluminense,3.0,2–1,1.0,Bahia,"24,507",Estadio Jornalista Mário Filho,Savio Pereira,49%,51%,394,486,420,510,9,17,3,15,2,3,7,9,9,11,9,10,14,23,603,644,13,26,5,11,11,19,21,25,2,0,11,9,23,17,54,65
12,Sun,2023-06-25,16:00,Palmeiras,2.6,0–1,0.8,Botafogo (RJ),"38,877",Allianz Parque,Anderson Daronco,64%,36%,425,558,209,308,4,14,2,6,1,2,4,4,17,14,12,1,48,8,659,444,17,19,5,5,23,20,11,54,4,0,5,12,29,16,78,64
12,Sun,2023-06-25,16:00,Grêmio,3.4,5–1,1.1,Coritiba,"37,048",Arena do Grêmio,João Vitor Gobi,50%,50%,342,443,352,440,7,16,7,17,6,7,3,7,10,17,8,5,12,12,555,573,20,20,8,18,12,10,10,13,2,4,12,10,21,20,53,50
12,Sun,2023-06-25,18:30,Santos,1.8,2–3,0.8,Flamengo,,Estádio Urbano Caldeira,Wilton Sampaio,33%,67%,293,370,660,763,6,12,4,10,1,4,4,6,14,11,2,7,11,16,501,859,24,20,10,8,12,10,30,9,2,1,6,5,9,25,56,61
12,Sun,2023-06-25,18:30,RB Bragantino,1.7,2–0,0.2,Goiás,"3,798",Estádio Nabi Abi Chedid,Bruno Mota Correia,59%,41%,418,526,263,361,6,20,0,4,0,0,4,6,17,23,10,4,30,9,626,467,15,14,12,13,17,18,6,24,0,6,4,12,23,25,75,60
12,Sun,2023-06-25,18:30,América (MG),1.3,1–2,1.0,Internacional,"2,249",Estádio Raimundo Sampaio,Flavio Rodrigues de Souza,40%,60%,254,361,449,547,3,15,2,8,0,2,2,3,25,6,3,2,31,22,466,659,15,13,5,5,16,11,20,30,0,1,2,6,15,16,55,63
12,Sat,2023-06-24,21:00,Cruzeiro,0.5,1–0,1.4,São Paulo,"17,478",Estádio Governador Magalhães Pinto,Ramon Abatti,31%,69%,208,299,571,670,0,6,8,14,8,8,0,0,14,15,6,5,17,23,406,750,16,13,11,5,15,20,28,6,1,8,8,11,15,19,70,64
12,Mon,2023-06-26,21:00,Vasco da Gama,1.7,1–0,0.6,Cuiabá,,Estádio Club de Regatas Vasco da Gama,Rafael Rodrigo Klein,48%,52%,330,426,356,468,1,8,3,14,3,3,1,1,19,13,4,6,10,25,555,580,18,21,7,8,12,27,31,17,2,5,4,5,24,18,64,68
13,Sat,2023-07-01,16:00,São Paulo,1.1,1–0,0.2,Fluminense,"49,153",Estádio do Morumbi,Anderson Daronco,54%,46%,427,524,361,442,4,21,2,4,2,2,3,4,16,7,12,2,26,5,624,563,23,18,2,5,12,16,8,24,2,1,4,12,20,23,59,52
13,Sat,2023-07-01,18:30,Flamengo,1.3,2–0,1.6,Fortaleza,"64,853",Estadio Jornalista Mário Filho,Savio Pereira,58%,42%,482,586,319,418,4,10,4,13,4,4,2,4,13,14,5,4,17,25,693,536,19,14,4,17,8,13,19,17,1,2,8,7,15,28,49,85
13,Sat,2023-07-01,18:30,Bahia,1.9,1–2,2.9,Grêmio,"34,090",Itaipava Arena Fonte Nova,Marcelo de Lima Henrique,47%,53%,346,444,395,508,4,16,7,14,5,7,3,4,21,11,7,2,19,10,563,625,13,17,11,7,10,11,16,26,0,6,11,10,19,26,75,62
13,Sun,2023-07-02,11:00,Corinthians,0.6,0–1,0.9,RB Bragantino,"42,404",Neo Química Arena,Edina Alves Batista,42%,58%,288,422,477,591,4,12,5,10,4,5,4,4,15,17,4,2,17,18,528,716,20,24,4,13,15,14,12,20,5,1,13,8,31,21,80,66
13,Sun,2023-07-02,16:00,Botafogo (RJ),1.7,2–0,0.9,Vasco da Gama,"38,798",Estádio Nilton Santos,Raphael Claus,58%,42%,415,514,286,374,6,16,4,12,4,4,4,6,10,15,4,8,24,19,633,506,25,18,10,12,17,16,20,22,0,1,6,12,24,20,84,61
13,Sun,2023-07-02,16:00,Ath Paranaense,3.5,2–2,1.6,Palmeiras,"33,118",Estádio Joaquim Américo Guimarães,Jean Pierre Goncalves Lima,54%,46%,393,484,326,415,4,26,4,10,2,4,3,4,20,9,7,2,22,12,595,530,12,14,13,10,16,12,13,23,1,4,4,18,19,12,50,79
13,Sun,2023-07-02,16:00,Atlético Mineiro,1.3,2–2,2.6,América (MG),"34,507",Estádio Governador Magalhães Pinto,Wilton Sampaio,47%,53%,309,406,344,456,5,12,5,23,3,5,3,5,16,19,4,7,18,27,541,584,18,16,10,6,12,21,25,14,1,3,18,5,16,15,83,70
13,Sun,2023-07-02,17:30 (18:30),Cuiabá,1.1,3–0,0.3,Santos,"13,477",Arena Pantanal,Bruno Mota Correia,48%,52%,326,420,342,458,6,15,2,5,2,2,3,6,7,16,9,5,30,20,540,547,21,11,6,3,9,12,26,35,1,1,4,6,23,37,68,69
13,Sat,2023-07-01,21:00,Internacional,2.0,0–0,1.0,Cruzeiro,"23,923",Estádio José Pinheiro Borba,Wagner do Nascimento Magalhães,54%,46%,472,561,385,481,4,15,3,9,3,3,4,4,12,14,2,4,21,15,674,594,14,10,6,11,19,18,23,19,1,1,7,11,20,20,48,93
13,Mon,2023-07-03,20:00,Goiás,1.9,1–2,0.9,Coritiba,"10,394",Estádio de Hailé Pinheiro,Denis da Silva Ribeiro Serafim,63%,37%,419,548,215,317,6,18,8,13,6,8,5,6,20,24,7,2,37,7,654,467,17,17,13,12,24,25,10,35,1,1,5,11,26,25,100,65
14,Sat,2023-07-08,15:00 (16:00),Cuiabá,1.5,1–1,0.3,Bahia,"10,149",Arena Pantanal,Wagner do Nascimento Magalhães,42%,58%,283,396,447,547,5,9,2,6,2,2,5,5,12,13,5,5,19,15,502,652,25,10,8,9,18,18,17,21,9,0,5,4,19,19,70,73
14,Sat,2023-07-08,16:00,Vasco da Gama,1.3,0–1,0.7,Cruzeiro,,Estádio Club de Regatas Vasco da Gama,Savio Pereira,57%,43%,415,528,301,406,1,9,5,7,4,5,1,1,7,18,4,6,20,10,639,517,19,15,8,12,20,14,15,28,3,1,4,13,36,28,76,77
14,Sat,2023-07-08,18:30,Coritiba,1.9,3–1,1.1,América (MG),"24,653",Estádio Major Antônio Couto Pereira,Rafael Rodrigo Klein,43%,57%,241,354,358,462,6,13,4,17,3,4,4,6,16,20,7,8,18,25,482,597,20,13,11,5,19,25,29,15,2,0,12,4,25,28,70,62
14,Sat,2023-07-08,18:30,Atlético Mineiro,1.4,0–1,0.8,Corinthians,"21,086",Estádio Governador Magalhães Pinto,Rodrigo José Pereira de Lima,59%,41%,504,621,316,425,6,26,2,8,1,2,6,6,15,7,10,2,34,6,746,556,15,14,14,14,14,12,7,20,0,0,5,10,20,17,74,72
14,Sun,2023-07-09,11:00,Santos,2.4,4–3,1.9,Goiás,,Estádio Urbano Caldeira,Bruno Arleu de Araujo,34%,66%,206,312,493,597,5,14,4,18,2,4,2,5,17,19,8,13,27,24,442,706,22,11,9,6,32,16,32,20,1,4,8,4,16,20,56,65
14,Sun,2023-07-09,16:00,RB Bragantino,1.6,0–0,0.5,São Paulo,"9,411",Estádio Nabi Abi Chedid,Raphael Claus,58%,42%,342,469,223,338,4,26,1,6,1,1,4,4,16,9,6,4,26,12,602,482,17,18,15,13,16,15,13,23,0,0,4,18,22,24,67,71
14,Sun,2023-07-09,16:00,Fluminense,1.1,2–0,0.4,Internacional,"34,166",Estadio Jornalista Mário Filho,Luiz Flávio de Oliveira,55%,45%,458,552,353,450,8,14,0,10,0,0,6,8,18,16,7,4,18,20,667,544,18,9,14,11,12,21,19,22,3,0,6,6,19,21,62,57
14,Sun,2023-07-09,18:30,Fortaleza,1.5,1–0,1.2,Ath Paranaense,"36,399",Estádio Castelão,André Luiz Skettino Policarpo Bento,53%,47%,368,471,324,412,6,20,2,10,2,2,5,6,9,18,7,2,20,13,571,527,9,13,10,9,16,14,9,28,7,0,8,10,25,17,67,66
14,Sun,2023-07-09,18:30,Grêmio,1.6,0–2,1.1,Botafogo (RJ),"47,029",Arena do Grêmio,Flavio de Souza,52%,48%,422,538,405,494,4,22,6,15,4,6,4,4,8,13,10,2,22,8,656,633,17,17,9,14,7,11,11,31,1,1,8,11,30,10,55,80
14,Sat,2023-07-08,21:00,Palmeiras,1.1,1–1,0.8,Flamengo,"40,229",Allianz Parque,Ramon Abatti,44%,56%,347,440,488,566,4,11,4,10,3,4,3,4,13,16,4,7,21,21,523,658,18,8,4,5,11,7,24,15,5,3,7,6,22,22,85,62
15,Sun,2023-07-16,11:00,Cruzeiro,0.8,0–0,1.1,Coritiba,"22,123",Estádio Governador Magalhães Pinto,Leandro Pedro Vuaden,55%,45%,375,483,283,397,2,13,6,14,6,6,2,2,14,11,11,8,19,21,608,514,22,22,4,11,20,19,25,16,1,5,6,13,23,23,77,70
15,Sun,2023-07-16,16:00,Fortaleza,0.9,0–1,0.7,Cuiabá,"43,048",Estádio Castelão,Yuri Elino Ferreira da Cruz,68%,32%,466,579,179,275,6,21,1,7,0,1,6,6,17,17,10,0,42,4,675,393,12,22,2,8,18,16,9,31,2,2,9,8,39,25,74,60
15,Sun,2023-07-16,16:00,São Paulo,3.2,4–1,1.1,Santos,"58,127",Estádio do Morumbi,Braulio Machado,63%,37%,412,501,203,296,6,23,2,7,2,2,3,6,21,16,4,3,17,21,590,384,11,7,5,5,24,13,22,19,2,2,8,10,14,24,63,64
15,Sun,2023-07-16,16:00,Fluminense,1.5,0–0,0.4,Flamengo,"62,354",Estadio Jornalista Mário Filho,Savio Pereira,54%,46%,399,492,340,421,8,16,3,8,3,3,8,8,25,20,8,1,22,7,586,532,13,23,4,7,13,17,9,19,1,1,9,6,15,15,55,58
15,Sun,2023-07-16,18:30,Internacional,0.5,0–0,1.4,Palmeiras,"41,823",Estádio José Pinheiro Borba,Rodrigo José Pereira de Lima,47%,53%,340,441,389,488,4,9,5,16,5,5,4,4,18,13,4,7,21,19,564,608,25,24,9,3,14,16,20,16,1,2,6,7,24,16,53,82
15,Sun,2023-07-16,18:30,Ath Paranaense,2.2,2–0,1.0,Bahia,"17,091",Estádio Joaquim Américo Guimarães,Rafael Rodrigo Klein,52%,48%,454,544,401,495,7,15,6,8,6,6,5,7,14,9,5,3,17,20,648,593,16,17,14,4,14,11,13,12,4,0,7,8,19,24,72,66
15,Sat,2023-07-15,21:00,Botafogo (RJ),1.0,2–0,1.4,RB Bragantino,"37,036",Estádio Nilton Santos,Anderson Daronco,38%,62%,231,347,441,568,3,10,8,17,8,8,1,3,16,11,4,11,8,29,476,684,16,20,15,18,19,12,31,15,1,3,6,8,23,29,86,88
15,Mon,2023-07-17,20:00,Goiás,1.5,0–0,0.2,Atlético Mineiro,"12,303",Estádio de Hailé Pinheiro,Raphael Claus,39%,61%,267,358,453,564,3,17,1,6,1,1,3,3,16,14,6,4,16,16,495,680,15,25,13,8,15,10,19,12,0,0,3,10,20,27,51,62
16,Sat,2023-07-22,16:00,Flamengo,2.5,1–1,1.3,América (MG),"60,402",Estadio Jornalista Mário Filho,Rodrigo José Pereira de Lima,66%,34%,521,632,225,323,7,16,4,16,3,4,6,7,8,13,12,7,35,13,749,463,24,19,8,9,7,4,12,37,4,4,6,6,23,14,54,54
16,Sat,2023-07-22,16:00,Palmeiras,1.4,3–1,1.5,Fortaleza,"39,699",Allianz Parque,Rafael Rodrigo Klein,63%,37%,385,476,190,274,7,14,5,10,5,5,4,7,17,28,4,4,20,9,569,383,13,12,10,13,14,13,13,22,1,1,10,13,20,18,65,59
16,Sat,2023-07-22,17:30 (18:30),Cuiabá,2.2,2–1,0.9,São Paulo,"34,072",Arena Pantanal,Bruno Mota Correia,29%,71%,173,242,515,587,5,11,3,12,2,3,4,5,9,17,2,4,12,10,334,662,15,9,14,5,12,11,13,13,2,0,6,9,15,19,50,67
16,Sat,2023-07-22,18:30,Bahia,1.5,0–0,0.1,Corinthians,"43,716",Itaipava Arena Fonte Nova,André Luiz Skettino Policarpo Bento,59%,41%,438,551,270,382,4,18,1,5,1,1,4,4,13,20,11,5,35,15,671,521,17,22,10,8,17,22,21,41,2,4,2,11,27,26,34,53
16,Sun,2023-07-23,16:00,Cruzeiro,1.1,0–1,0.3,Goiás,"21,688",Estádio Governador Magalhães Pinto,Caio Max Augusto Vieira,68%,32%,508,641,212,304,1,16,2,7,1,2,1,1,8,21,13,1,40,11,754,457,23,19,5,10,22,27,14,55,2,2,3,13,31,27,87,61
16,Sun,2023-07-23,16:00,Santos,0.9,2–2,1.0,Botafogo (RJ),,Estádio Urbano Caldeira,Ramon Abatti Abel,37%,63%,228,328,446,559,2,7,6,18,4,6,0,2,23,20,2,8,9,27,442,645,19,8,18,6,10,20,23,13,1,0,11,5,18,24,73,54
16,Sun,2023-07-23,16:00,RB Bragantino,1.0,0–0,0.9,Internacional,"6,446",Estádio Nabi Abi Chedid,Maguielson Lima Barbosa,54%,46%,329,475,284,402,4,20,5,11,5,5,4,4,15,14,13,4,37,16,595,578,21,22,14,12,22,18,7,44,0,3,3,12,21,22,68,75
16,Sun,2023-07-23,18:30,Vasco da Gama,1.5,0–2,1.3,Ath Paranaense,,Estádio Club de Regatas Vasco da Gama,Paulo Zanovelli,57%,43%,403,489,284,366,2,18,1,8,0,1,2,2,19,21,8,2,33,11,571,463,7,18,7,9,15,15,9,27,2,1,9,13,26,13,57,53
16,Sat,2023-07-22,21:00,Grêmio,0.7,1–0,0.9,Atlético Mineiro,"37,085",Arena do Grêmio,Luiz Flávio de Oliveira,39%,61%,270,389,499,619,2,6,3,17,3,3,1,2,7,17,3,8,12,28,533,737,30,27,14,13,11,27,28,14,0,1,11,7,21,24,82,70
16,Mon,2023-07-24,19:00,Coritiba,1.9,2–0,1.0,Fluminense,"32,872",Estádio Major Antônio Couto Pereira,Flavio de Souza,28%,72%,177,268,589,686,4,8,3,15,3,3,3,4,15,7,7,11,14,31,392,788,20,11,6,10,14,12,36,8,0,1,14,4,25,35,57,56
17,Sat,2023-07-29,16:00,Ath Paranaense,3.0,3–3,1.8,Cruzeiro,"22,730",Estádio Joaquim Américo Guimarães,Yuri Elino Ferreira da Cruz,53%,47%,367,464,308,411,5,14,5,14,2,5,3,5,16,23,7,5,20,21,562,514,16,11,9,4,16,11,18,20,1,1,9,12,26,22,56,71
17,Sat,2023-07-29,16:00,Fluminense,2.0,1–0,0.1,Santos,"34,211",Estadio Jornalista Mário Filho,Rodrigo José Pereira de Lima,71%,29%,540,631,187,258,7,14,0,3,0,0,6,7,18,20,6,2,26,14,708,368,13,17,6,7,7,11,7,19,0,0,6,4,24,15,54,43
17,Sat,2023-07-29,16:00,Internacional,1.0,1–2,1.0,Cuiabá,"32,020",Estádio José Pinheiro Borba,Matheus Delgado Candançan,69%,31%,694,802,267,361,4,17,5,12,3,5,3,4,14,11,7,5,24,21,890,478,9,19,5,7,12,18,9,28,2,1,5,10,23,12,67,58
17,Sat,2023-07-29,18:30,Fortaleza,1.0,0–3,2.1,RB Bragantino,"26,124",Estádio Castelão,André Luiz Skettino Policarpo Bento,47%,53%,307,424,366,485,2,10,11,22,8,11,2,2,16,24,2,9,11,28,557,610,23,17,6,16,15,20,19,20,5,1,6,6,26,18,64,68
17,Sat,2023-07-29,18:30,Corinthians,1.3,3–1,1.7,Vasco da Gama,,Neo Química Arena,Leandro Pedro Vuaden,55%,45%,598,681,483,562,5,11,5,23,4,5,3,5,12,11,0,6,12,22,789,650,15,9,12,8,14,8,15,13,0,0,18,5,15,20,68,57
17,Sun,2023-07-30,11:00,São Paulo,1.9,0–0,0.5,Bahia,"56,078",Estádio do Morumbi,Ramon Abatti,64%,36%,511,620,262,356,11,17,2,13,2,2,11,11,14,14,10,5,25,11,728,495,14,22,6,14,6,18,11,32,7,1,7,7,35,12,69,53
17,Sun,2023-07-30,16:00,América (MG),1.4,1–4,0.9,Palmeiras,"5,928",Estádio Raimundo Sampaio,Braulio Machado,49%,51%,368,455,374,477,7,15,7,14,3,7,6,7,13,12,5,4,18,15,558,573,15,20,9,9,11,11,12,16,1,7,3,8,19,11,42,72
17,Sun,2023-07-30,16:00,Botafogo (RJ),0.9,4–1,1.2,Coritiba,"43,071",Estádio Nilton Santos,João Vitor Gobi,57%,43%,472,556,352,426,7,14,5,9,4,5,3,7,14,12,7,3,25,17,655,547,17,23,14,11,14,6,11,18,0,1,6,6,16,17,74,53
17,Sun,2023-07-30,18:30,Goiás,0.8,1–1,0.3,Grêmio,"12,311",Estádio de Hailé Pinheiro,Paulo Zanovelli,45%,55%,361,457,465,562,2,16,2,9,1,2,1,2,20,11,6,5,16,16,546,660,8,11,9,5,19,9,18,19,2,1,7,11,22,20,84,49
17,Sat,2023-07-29,21:00,Atlético Mineiro,0.9,1–2,1.8,Flamengo,"22,441",Estádio Raimundo Sampaio,Flavio de Souza,40%,60%,309,397,524,605,5,20,5,6,3,5,4,5,21,14,7,2,18,2,494,709,19,16,7,10,9,12,11,19,1,0,5,9,17,16,64,49
18,Sat,2023-08-05,16:00,Santos,1.1,1–1,0.2,Ath Paranaense,,Estádio Urbano Caldeira,André Luiz Skettino Policarpo Bento,64%,36%,514,616,268,353,2,7,2,3,1,2,2,2,19,27,3,3,23,12,698,458,11,20,6,7,10,10,12,24,2,2,4,10,25,12,61,66
18,Sat,2023-08-05,18:30,Internacional,1.7,2–2,1.2,Corinthians,"22,509",Estádio José Pinheiro Borba,Wagner do Nascimento Magalhães,55%,45%,512,604,402,492,4,15,2,8,1,2,2,4,18,7,1,4,16,20,690,588,9,11,4,15,10,9,14,16,0,2,8,8,22,19,38,65
18,Sat,2023-08-05,18:30,Goiás,0.9,1–0,0.7,Fortaleza,"8,384",Estádio de Hailé Pinheiro,Leandro Pedro Vuaden,37%,63%,269,362,535,623,3,9,6,12,6,6,3,3,15,10,5,2,14,30,479,742,16,22,5,6,12,17,28,15,2,0,7,6,21,23,70,77
18,Sun,2023-08-06,16:00,São Paulo,0.9,0–2,1.9,Atlético Mineiro,"53,460",Estádio do Morumbi,Rodrigo José Pereira de Lima,68%,32%,533,629,214,299,3,19,1,7,0,1,3,3,16,17,9,3,25,8,736,437,15,23,10,12,16,14,8,39,6,1,6,14,25,12,60,56
18,Sun,2023-08-06,16:00,Vasco da Gama,1.8,1–0,1.5,Grêmio,,Estádio Club de Regatas Vasco da Gama,Luiz Flávio de Oliveira,53%,47%,416,515,348,463,4,11,3,12,3,3,3,4,19,17,5,7,19,17,642,558,22,15,11,6,17,7,26,15,1,1,11,7,20,32,58,69
18,Sun,2023-08-06,18:30,Bahia,1.7,3–1,0.4,América (MG),"34,313",Itaipava Arena Fonte Nova,Matheus Delgado Candançan,66%,34%,432,521,178,264,7,22,5,8,4,5,4,7,20,19,7,2,21,6,634,387,29,18,10,11,10,10,9,24,2,3,3,9,22,14,56,43
18,Sun,2023-08-06,18:30,Cruzeiro,1.2,0–0,0.1,Botafogo (RJ),"44,759",Estádio Governador Magalhães Pinto,Raphael Claus,67%,33%,514,631,215,309,4,13,1,2,1,1,4,4,17,7,8,1,33,4,722,447,16,16,7,14,21,4,4,34,1,1,3,10,31,18,79,62
18,Sun,2023-08-06,18:30,Coritiba,0.5,0–1,1.0,RB Bragantino,"34,010",Estádio Major Antônio Couto Pereira,Yuri Elino Ferreira da Cruz,50%,50%,284,407,276,402,1,9,2,11,1,2,1,1,21,22,3,4,26,14,530,534,17,20,8,5,24,25,9,31,2,0,9,11,38,40,83,92
18,Sun,2023-08-06,19:00 (20:00),Cuiabá,1.9,3–0,0.8,Flamengo,"33,091",Arena Pantanal,Anderson Daronco,38%,62%,267,345,497,574,6,17,4,10,4,4,3,6,9,9,10,6,27,25,446,678,18,13,8,6,13,12,32,36,1,0,7,6,18,20,46,53
18,Sat,2023-08-05,21:00,Fluminense,2.6,2–1,1.0,Palmeiras,"77,973",Estadio Jornalista Mário Filho,Ramon Abatti Abel,55%,45%,368,451,277,371,4,9,5,18,4,5,3,4,18,22,0,8,5,36,569,479,16,16,3,11,15,10,33,4,3,3,12,4,16,14,58,82
19,Sun,2023-08-13,11:00,Atlético Mineiro,1.1,1–0,0.6,Bahia,"29,847",Estádio Governador Magalhães Pinto,Savio Pereira,40%,60%,268,358,440,533,4,11,5,14,5,5,3,4,15,12,2,9,8,27,459,630,22,15,10,13,7,9,22,11,4,1,8,7,28,23,64,64
19,Sun,2023-08-13,16:00,Grêmio,1.2,2–1,1.0,Fluminense,"38,712",Arena do Grêmio,Rodrigo José Pereira de Lima,29%,71%,235,321,682,773,5,13,7,19,6,7,3,5,11,7,3,8,11,29,430,870,23,12,10,8,11,14,25,12,3,2,9,6,15,27,49,30
19,Sun,2023-08-13,16:00,Corinthians,2.4,3–1,0.8,Coritiba,"42,171",Neo Química Arena,Ramon Abatti Abel,54%,46%,479,563,395,489,8,17,3,12,3,3,5,8,17,13,4,2,11,15,681,600,15,20,12,8,13,8,11,14,2,0,9,9,17,20,58,51
19,Sun,2023-08-13,16:00,América (MG),0.9,0–1,0.5,Goiás,"2,888",Estádio Raimundo Sampaio,Luiz Flávio de Oliveira,66%,34%,615,720,274,371,2,15,3,9,2,3,2,2,12,12,7,3,35,9,839,500,19,22,12,9,17,16,8,36,2,1,9,11,22,13,52,77
19,Sun,2023-08-13,18:30,Flamengo,1.4,1–1,0.8,São Paulo,"62,018",Estadio Jornalista Mário Filho,Rafael Rodrigo Klein,54%,46%,520,613,441,530,6,18,1,8,0,1,6,6,13,15,8,2,25,8,712,632,19,13,10,7,19,9,10,31,3,4,4,13,21,13,56,77
19,Sun,2023-08-13,18:30,Fortaleza,2.6,4–0,0.5,Santos,"32,301",Estádio Castelão,Bruno Mota Correia,54%,46%,323,416,262,351,10,25,3,9,3,3,7,10,19,20,10,6,27,16,518,458,22,11,7,7,22,15,13,32,1,3,4,12,20,17,57,51
19,Sat,2023-08-12,21:00,Botafogo (RJ),2.3,3–1,1.7,Internacional,"39,598",Estádio Nilton Santos,Flavio Rodrigues de Souza,50%,50%,424,526,403,517,10,18,4,10,3,4,8,10,15,10,7,3,24,14,647,624,15,15,15,5,14,17,14,30,0,4,6,6,19,15,77,55
19,Mon,2023-08-14,19:00,Palmeiras,1.4,1–0,0.6,Cruzeiro,"38,555",Allianz Parque,Wagner do Nascimento Magalhães,52%,48%,377,479,341,438,4,12,5,13,5,5,3,4,13,26,3,5,26,17,583,554,16,11,10,7,10,21,17,24,1,1,6,11,23,18,88,58
19,Tue,2023-08-15,20:00,Ath Paranaense,0.8,2–0,1.1,Cuiabá,"18,444",Estádio Joaquim Américo Guimarães,Arthur Gomes Rabelo,54%,46%,367,465,302,391,6,12,1,11,1,1,4,6,22,12,5,3,15,17,556,498,16,15,6,6,11,23,14,24,1,1,12,9,18,10,89,58
19,Mon,2023-08-14,21:00,RB Bragantino,1.6,1–1,1.5,Vasco da Gama,"5,553",Estádio Nabi Abi Chedid,Anderson Daronco,63%,37%,453,554,214,325,7,24,3,7,3,3,6,7,12,17,7,6,32,12,678,444,20,16,11,12,15,21,13,22,0,3,7,24,20,22,51,84
20,Sat,2023-08-19,16:00,Internacional,1.0,0–1,1.1,Fortaleza,"21,134",Estádio José Pinheiro Borba,Yuri Elino Ferreira da Cruz,75%,25%,610,720,132,239,5,19,1,7,1,1,5,5,14,12,10,6,35,14,830,362,20,14,11,8,16,16,13,28,1,1,6,12,22,20,47,66
20,Sat,2023-08-19,16:00,São Paulo,0.7,0–0,0.9,Botafogo (RJ),"51,946",Estádio do Morumbi,Ramon Abatti,64%,36%,509,616,257,354,4,13,0,12,0,0,4,4,12,9,5,2,19,10,718,474,17,14,7,19,25,15,16,14,7,0,11,6,22,21,79,70
20,Sat,2023-08-19,17:30 (18:30),Cuiabá,0.7,0–2,1.7,Palmeiras,"19,115",Arena Pantanal,André Luiz Skettino Policarpo Bento,53%,47%,359,463,330,407,2,13,5,18,3,5,2,2,17,18,9,2,42,15,548,518,14,10,6,5,12,9,9,35,2,1,7,7,27,12,53,57
20,Sat,2023-08-19,18:30,Fluminense,1.2,3–1,1.4,América (MG),"35,562",Estadio Jornalista Mário Filho,Flavio de Souza,72%,28%,627,718,212,284,4,19,3,13,2,3,1,4,7,12,7,1,35,12,830,401,16,10,1,11,8,12,9,33,3,0,12,11,20,13,47,48
20,Sun,2023-08-20,11:00,Vasco da Gama,1.9,1–0,0.7,Atlético Mineiro,"53,540",Estádio Club de Regatas Vasco da Gama,Braulio da Silva Machado,42%,58%,296,396,463,558,3,16,5,10,5,5,2,3,20,14,3,7,21,21,526,680,19,20,9,11,16,12,32,22,1,0,9,13,22,26,56,42
20,Sun,2023-08-20,16:00,Coritiba,2.6,2–3,1.9,Flamengo,"31,851",Estádio Major Antônio Couto Pereira,Raphael Claus,38%,62%,246,342,466,557,3,14,3,16,1,3,2,3,10,10,4,5,22,13,462,680,15,15,18,3,10,10,14,21,2,0,12,10,16,22,53,64
20,Sun,2023-08-20,16:00,Santos,1.7,2–1,0.4,Grêmio,,Estádio Urbano Caldeira,Paulo Cesar Zanovelli da Silva,55%,45%,352,448,284,373,7,19,3,9,2,3,5,7,16,21,9,4,31,13,557,474,21,14,9,7,17,9,12,28,0,2,2,11,19,21,58,60
20,Sun,2023-08-20,16:00,Bahia,1.8,4–0,0.7,RB Bragantino,"38,452",Itaipava Arena Fonte Nova,Arthur Gomes Rabelo,47%,53%,260,387,324,442,5,13,7,11,7,7,1,5,11,18,4,7,13,19,513,557,29,16,12,12,20,12,21,8,1,5,7,4,17,28,69,80
20,Sat,2023-08-19,21:00,Cruzeiro,2.0,1–1,0.6,Corinthians,"36,202",Estádio Governador Magalhães Pinto,Rafael Rodrigo Klein,45%,55%,354,441,446,533,8,19,2,5,1,2,7,8,17,13,10,3,24,19,546,643,17,16,9,3,14,17,20,18,1,1,9,13,11,29,53,59
20,Mon,2023-08-21,20:00,Goiás,1.0,1–1,1.0,Ath Paranaense,"8,325",Estádio de Hailé Pinheiro,Marcelo de Lima Henrique,47%,53%,318,417,372,465,3,13,5,14,4,5,2,3,15,16,4,7,21,17,520,577,13,25,9,12,16,16,22,14,2,2,14,10,34,17,80,63
21,Sat,2023-08-26,18:30,Flamengo,0.7,0–0,0.3,Internacional,"58,892",Estadio Jornalista Mário Filho,Edina Alves Batista,59%,41%,474,575,323,407,4,8,1,5,1,1,4,4,13,20,6,3,23,12,669,517,23,25,4,5,14,17,10,25,2,3,5,9,17,19,59,54
21,Sun,2023-08-27,11:00,RB Bragantino,1.5,2–0,0.5,Cuiabá,"3,683",Estádio Nabi Abi Chedid,Bruno Mota Correia,63%,37%,460,584,211,345,4,11,3,6,3,3,2,4,21,14,11,4,31,14,718,468,19,15,12,8,14,10,21,30,1,0,5,8,30,30,79,73
21,Sun,2023-08-27,16:00,Atlético Mineiro,1.6,2–0,0.7,Santos,"29,782",Arena MRV,Rafael Rodrigo Klein,56%,44%,442,508,340,397,6,15,0,13,0,0,4,6,22,12,5,2,18,14,598,484,13,10,8,9,8,1,18,19,2,1,12,9,17,13,48,31
21,Sun,2023-08-27,16:00,Botafogo (RJ),2.3,3–0,1.2,Bahia,"39,610",Estádio Nilton Santos,Flavio de Souza,44%,56%,318,423,436,549,5,10,6,19,6,6,2,5,14,10,4,7,10,21,544,652,19,11,19,12,14,16,24,11,1,3,6,4,23,27,86,48
21,Sun,2023-08-27,16:00,América (MG),1.3,2–1,1.4,São Paulo,"5,105",Estádio Raimundo Sampaio,Rodrigo José Pereira de Lima,27%,73%,162,246,579,679,4,9,4,12,3,4,2,4,21,9,4,6,9,26,355,756,17,13,8,7,21,9,29,10,2,0,11,3,13,19,59,72
21,Sun,2023-08-27,18:30,Ath Paranaense,0.8,2–2,3.0,Fluminense,"23,630",Estádio Joaquim Américo Guimarães,Raphael Claus,29%,71%,157,253,533,633,4,10,10,23,8,10,2,4,9,15,2,8,7,28,365,722,13,7,5,8,18,17,31,8,1,4,10,7,15,23,85,51
21,Sun,2023-08-27,18:30,Fortaleza,2.5,3–1,1.0,Coritiba,"12,467",Estádio Castelão,Matheus Delgado Candançan,53%,47%,372,462,322,413,5,11,2,9,1,2,3,5,22,22,2,3,15,13,569,523,25,18,10,5,18,17,8,18,1,0,8,2,24,25,63,62
21,Sun,2023-08-27,18:30,Palmeiras,0.7,1–0,0.1,Vasco da Gama,"40,292",Allianz Parque,Wilton Sampaio,55%,45%,472,569,388,475,5,13,2,4,2,2,4,5,20,15,9,2,32,21,671,581,16,9,4,4,11,17,17,37,2,1,6,11,16,21,69,61
21,Sun,2023-08-27,19:00,Grêmio,1.5,3–0,0.6,Cruzeiro,"52,203",Arena do Grêmio,Marcelo de Lima Henrique,39%,61%,257,373,461,574,4,10,1,6,1,1,1,4,12,20,6,5,11,19,470,658,14,13,10,5,13,14,24,14,5,0,8,8,11,25,58,76
21,Sat,2023-08-26,21:00,Corinthians,1.0,1–1,1.8,Goiás,"37,316",Neo Química Arena,Paulo Cesar Zanovelli da Silva,65%,35%,597,691,298,378,7,20,3,18,3,3,6,7,16,15,7,6,33,16,803,522,11,21,15,18,21,20,15,38,0,0,10,6,25,16,61,61
22,Sat,2023-09-02,16:00,Goiás,0.9,0–0,0.7,Internacional,"11,038",Estádio de Hailé Pinheiro,Braulio Machado,38%,62%,274,376,519,611,2,11,2,11,2,2,2,2,16,13,5,5,22,10,466,708,18,13,11,9,21,11,13,16,3,2,10,9,16,16,66,52
22,Sat,2023-09-02,16:00,Ath Paranaense,2.0,1–1,0.4,Atlético Mineiro,"18,009",Estádio Joaquim Américo Guimarães,Flavio de Souza,52%,48%,400,503,354,458,6,23,7,9,6,7,5,6,13,13,12,7,32,14,610,578,9,27,8,10,21,23,14,37,1,1,4,18,17,6,55,76
22,Sun,2023-09-03,11:00,Grêmio,0.7,2–0,1.1,Cuiabá,"39,339",Arena do Grêmio,Yuri Elino Ferreira da Cruz,43%,57%,356,448,516,605,5,11,3,17,3,3,4,5,18,16,2,9,6,32,539,702,16,16,4,10,12,18,27,5,3,0,7,5,21,11,60,78
22,Sun,2023-09-03,16:00,Corinthians,0.8,0–0,0.7,Palmeiras,"44,371",Neo Química Arena,Anderson Daronco,43%,57%,345,409,434,533,2,6,4,16,4,4,2,2,13,17,2,11,10,33,527,602,14,16,10,10,16,11,37,10,2,1,11,7,15,22,61,69
22,Sun,2023-09-03,16:00,Fluminense,0.6,1–0,0.9,Fortaleza,"10,035",Estadio Jornalista Mário Filho,André Luiz Skettino Policarpo Bento,64%,36%,484,577,231,323,5,13,5,20,5,5,4,5,13,16,5,7,16,17,695,432,10,21,5,11,12,17,18,12,4,2,10,10,15,10,44,68
22,Sun,2023-09-03,18:30,América (MG),1.6,2–0,1.0,Santos,"3,654",Estádio Raimundo Sampaio,Leandro Pedro Vuaden,38%,62%,281,387,537,642,7,12,2,10,2,2,5,7,14,16,3,5,16,27,501,750,13,23,8,8,13,10,22,14,4,2,7,5,20,21,65,55
22,Sun,2023-09-03,18:30,Bahia,1.7,1–1,1.1,Vasco da Gama,"46,705",Itaipava Arena Fonte Nova,Ramon Abatti,54%,46%,408,528,347,455,3,11,0,5,0,0,2,3,22,17,6,0,30,12,616,557,18,13,10,6,8,13,12,24,2,2,5,9,17,20,66,78
22,Sun,2023-09-03,18:30,Cruzeiro,1.4,0–0,1.3,RB Bragantino,"29,417",Estádio Governador Magalhães Pinto,Wagner do Nascimento Magalhães,50%,50%,262,393,273,389,3,15,5,13,5,5,3,3,16,15,8,5,30,11,502,505,19,16,8,8,17,20,14,21,4,3,8,11,34,27,86,77
22,Sat,2023-09-02,21:00,Botafogo (RJ),1.1,1–2,0.8,Flamengo,"40,769",Estádio Nilton Santos,Raphael Claus,48%,52%,361,463,423,508,6,17,4,12,3,4,5,6,14,8,12,6,36,20,574,635,24,18,8,5,18,16,19,33,1,2,5,6,17,17,63,52
23,Thu,2023-09-14,19:00,Santos,0.5,0–3,1.4,Cruzeiro,"12,244",Estádio Urbano Caldeira,Braulio da Silva Machado,54%,46%,367,481,289,405,1,12,7,15,4,7,1,1,8,13,8,9,28,22,609,540,24,16,18,11,15,16,16,24,2,1,8,11,17,26,77,66
23,Thu,2023-09-14,19:00,Fortaleza,2.6,2–1,0.4,Corinthians,"32,690",Estádio Castelão,Rodrigo José Pereira de Lima,52%,48%,416,509,381,471,6,22,2,6,1,2,4,6,14,17,6,3,34,12,617,589,17,17,8,12,15,15,13,23,0,1,3,14,18,13,60,64
23,Thu,2023-09-14,20:00,Coritiba,1.3,2–4,3.8,Bahia,"22,961",Estádio Major Antônio Couto Pereira,Wagner do Nascimento Magalhães,55%,45%,396,487,304,397,6,15,9,18,5,9,4,6,14,17,7,2,29,13,591,496,9,14,10,6,15,16,15,15,5,1,4,10,21,19,61,70
23,Wed,2023-09-13,21:30,Flamengo,0.5,0–3,2.3,Ath Paranaense,"20,670",Estadio Jornalista Mário Filho,Rafael Rodrigo Klein,58%,42%,464,560,306,400,4,13,8,14,6,8,4,4,12,19,8,2,15,5,663,519,13,21,10,14,8,6,12,21,4,0,4,4,24,20,59,57
23,Wed,2023-09-13,21:30,Internacional,1.0,2–1,1.4,São Paulo,"20,763",Estádio José Pinheiro Borba,Paulo Zanovelli,44%,56%,376,474,513,615,5,15,2,10,2,2,3,5,17,14,4,7,20,19,575,721,16,13,7,7,5,20,18,25,0,0,11,4,14,14,67,71
23,Fri,2023-09-15,19:00 (20:00),Cuiabá,1.7,2–2,0.4,América (MG),"8,509",Arena Pantanal,Bruno Arleu,62%,38%,492,613,261,373,7,19,3,7,1,3,6,7,11,18,9,1,43,11,716,475,14,12,2,9,25,12,16,25,3,1,5,10,13,23,70,73
23,Thu,2023-09-14,21:30,RB Bragantino,1.3,2–0,1.3,Grêmio,"5,088",Estádio Nabi Abi Chedid,André Luiz Skettino Policarpo Bento,58%,42%,475,580,309,415,4,16,4,10,4,4,3,4,21,16,5,1,16,5,690,517,18,19,13,6,10,12,10,13,3,1,4,13,21,25,72,63
23,Sat,2023-09-16,16:00,Vasco da Gama,1.4,4–2,1.9,Fluminense,"35,850",Estádio Club de Regatas Vasco da Gama,Raphael Claus,29%,71%,202,268,565,652,4,9,8,19,6,8,0,4,12,7,4,11,16,37,417,757,21,12,11,6,14,9,48,10,0,1,12,6,12,18,50,52
23,Fri,2023-09-15,21:30,Palmeiras,1.1,1–0,0.5,Goiás,"38,146",Allianz Parque,Savio Pereira,67%,33%,522,635,220,319,6,18,3,8,3,3,5,6,12,19,6,3,44,8,732,450,16,16,6,5,17,19,6,44,2,5,4,15,28,17,92,75
23,Sat,2023-09-16,21:00,Atlético Mineiro,1.3,1–0,0.1,Botafogo (RJ),"31,729",Arena MRV,Ramon Abatti,42%,58%,328,413,495,580,6,13,0,7,0,0,5,6,15,12,5,3,16,20,500,662,15,11,9,9,19,14,15,14,4,1,10,6,12,12,62,55
24,Mon,2023-09-18,20:00,Bahia,0.9,1–2,2.6,Santos,"41,431",Itaipava Arena Fonte Nova,Ramon Abatti,63%,37%,508,600,266,355,5,19,7,16,5,7,4,5,13,13,6,8,22,18,700,473,16,16,8,8,10,15,9,27,2,2,6,12,27,13,61,69
15,Mon,2023-09-18,21:00,Corinthians,1.8,4–4,1.1,Grêmio,"35,796",Neo Química Arena,Wilton Sampaio,54%,46%,482,557,386,466,7,20,7,16,3,7,4,7,17,10,6,4,20,15,668,574,10,20,4,4,10,6,21,16,1,1,8,9,20,14,67,47
24,Wed,2023-09-20,19:00,Goiás,0.1,0–0,0.5,Flamengo,"13,799",Estádio de Hailé Pinheiro,Raphael Claus,36%,64%,248,353,532,635,1,7,2,10,2,2,1,1,15,14,3,2,11,12,456,729,17,14,11,10,16,14,17,13,3,1,5,6,29,28,62,74
24,Tue,2023-09-19,21:30,América (MG),1.2,0–2,1.8,RB Bragantino,"2,247",Estádio Raimundo Sampaio,Marcelo de Lima Henrique,37%,63%,207,328,434,566,1,6,6,21,4,6,1,1,7,17,2,14,9,32,459,690,15,22,15,10,15,19,32,16,0,2,10,7,25,27,82,86
24,Thu,2023-09-21,19:00,Vasco da Gama,3.5,5–1,0.5,Coritiba,"20,321",Estádio Club de Regatas Vasco da Gama,Flavio de Souza,54%,46%,433,522,371,437,12,19,3,8,2,3,7,12,10,15,6,0,26,8,614,557,13,19,5,11,4,9,11,26,1,2,5,5,28,11,56,47
24,Thu,2023-09-21,19:30,Ath Paranaense,0.9,2–1,0.8,Internacional,"24,871",Estádio Joaquim Américo Guimarães,Wagner do Nascimento Magalhães,44%,56%,308,400,404,500,6,15,4,13,3,4,4,6,12,17,7,5,16,16,485,584,3,19,3,4,15,12,14,13,1,1,8,9,27,21,79,61
24,Wed,2023-09-20,21:30,São Paulo,1.6,1–2,1.1,Fortaleza,"24,777",Estádio do Morumbi,Yuri Elino Ferreira da Cruz,73%,27%,615,727,191,273,6,12,3,7,2,3,5,6,21,14,9,0,37,4,813,399,12,25,2,8,13,18,3,41,0,0,6,3,26,17,64,63
24,Wed,2023-09-20,21:30,Fluminense,0.5,1–0,0.7,Cruzeiro,"28,985",Estadio Jornalista Mário Filho,Matheus Delgado Candançan,59%,41%,529,615,338,421,4,11,2,7,2,2,3,4,6,15,7,3,20,9,695,516,14,14,7,6,8,12,10,24,3,2,9,8,20,20,43,46
24,Fri,2023-09-22,20:00,Corinthians,1.1,1–0,0.5,Botafogo (RJ),"37,237",Neo Química Arena,Paulo Zanovelli,66%,34%,628,717,290,374,5,19,2,9,2,2,4,5,18,8,6,1,24,12,818,477,21,12,7,11,11,8,12,23,2,1,11,16,18,15,70,54
24,Thu,2023-09-21,21:30,Grêmio,0.4,1–0,1.0,Palmeiras,"29,057",Arena do Grêmio,Bruno Arleu,35%,65%,175,270,396,501,2,7,4,18,4,4,1,2,15,14,2,11,8,46,383,592,14,14,3,6,12,17,41,6,1,3,12,5,21,28,65,66
24,Sat,2023-09-23,21:00,Atlético Mineiro,0.6,1–0,0.5,Cuiabá,"36,104",Arena MRV,Rodrigo José Pereira de Lima,64%,36%,536,624,265,345,3,7,3,9,3,3,2,3,15,14,6,3,18,19,695,433,10,19,7,10,6,19,10,16,3,1,7,7,12,9,70,46
15,Mon,2023-09-25,20:00,América (MG),1.5,0–1,0.8,Vasco da Gama,"8,498",Estádio Raimundo Sampaio,Ramon Abatti,34%,66%,240,329,535,642,7,18,3,15,2,3,7,7,16,15,3,8,11,38,452,747,11,10,11,8,19,8,38,18,1,2,10,7,15,24,60,67
22,Wed,2023-09-27,19:00,São Paulo,1.6,2–1,0.8,Coritiba,"31,720",Estádio do Morumbi,Savio Pereira,63%,37%,516,613,268,357,4,13,2,7,1,2,3,4,12,12,4,3,19,16,707,470,11,18,10,5,17,18,16,21,2,0,5,8,34,23,62,53
25,Sat,2023-09-30,16:00,Flamengo,1.4,1–0,0.5,Bahia,"46,472",Estadio Jornalista Mário Filho,Savio Pereira,65%,35%,478,580,226,307,4,14,4,6,4,4,4,4,11,13,12,2,27,10,662,427,15,16,4,12,15,19,8,20,1,3,4,11,13,20,49,61
25,Sat,2023-09-30,16:00,Fortaleza,1.9,1–1,1.5,Grêmio,"23,634",Estádio Castelão,Raphael Claus,51%,49%,435,519,420,506,5,17,3,14,2,3,5,5,10,12,3,7,18,17,635,627,16,7,8,8,9,14,20,26,1,1,5,10,15,18,66,60
25,Sat,2023-09-30,17:30 (18:30),Cuiabá,1.2,3–0,0.2,Fluminense,"8,358",Arena Pantanal,Paulo Zanovelli,60%,40%,506,587,340,397,6,17,2,7,2,2,3,6,18,12,7,0,33,6,666,486,16,10,3,8,15,10,9,29,2,3,3,10,11,11,59,40
25,Sat,2023-09-30,18:30,São Paulo,2.3,2–1,0.2,Corinthians,"56,735",Estádio do Morumbi,Flavio de Souza,54%,46%,445,517,366,438,8,22,2,6,1,2,6,8,14,14,11,4,21,12,633,554,17,21,6,5,10,9,14,28,2,1,3,11,23,17,56,55
25,Sun,2023-10-01,16:00,Santos,2.4,4–1,0.9,Vasco da Gama,,Estádio Urbano Caldeira,Anderson Daronco,35%,65%,249,325,507,598,4,16,5,13,4,5,1,4,19,12,5,11,14,27,450,697,18,27,9,4,12,13,27,16,4,2,9,7,12,22,48,45
25,Sun,2023-10-01,16:00,Cruzeiro,0.6,1–1,1.0,América (MG),"44,279",Estádio Governador Magalhães Pinto,Leandro Pedro Vuaden,59%,41%,469,573,289,392,2,17,7,18,6,7,1,2,15,10,9,7,27,28,690,504,14,12,12,9,9,14,17,29,2,1,10,11,15,18,52,75
25,Sun,2023-10-01,16:00,Coritiba,0.5,2–0,0.9,Ath Paranaense,"20,992",Estádio Major Antônio Couto Pereira,Bruno Arleu,35%,65%,207,280,410,515,3,7,5,11,5,5,1,3,21,12,2,11,7,27,424,608,28,23,12,5,21,8,36,5,3,2,7,4,17,39,55,76
25,Sun,2023-10-01,18:30,RB Bragantino,2.9,2–1,1.5,Palmeiras,"9,093",Estádio Nabi Abi Chedid,Wagner do Nascimento Magalhães,66%,34%,480,582,190,298,7,21,3,10,2,3,6,7,14,20,6,4,28,8,701,399,16,13,9,9,16,8,16,21,0,3,8,19,21,28,68,69
25,Sat,2023-09-30,21:00,Internacional,0.8,0–2,1.4,Atlético Mineiro,"23,937",Estádio José Pinheiro Borba,Ramon Abatti,63%,37%,524,613,274,359,4,15,5,8,3,5,4,4,17,11,4,4,18,11,698,468,15,17,12,12,13,12,10,26,0,1,6,8,24,21,61,67
25,Mon,2023-10-02,20:00,Botafogo (RJ),0.9,1–1,0.5,Goiás,"34,294",Estádio Nilton Santos,Braulio da Silva Machado,60%,40%,458,574,284,388,6,18,3,8,2,3,5,6,18,16,8,3,40,8,681,511,21,16,10,9,34,21,9,40,1,2,3,11,27,23,92,62
26,Sat,2023-10-07,16:00,Goiás,2.7,4–6,1.9,Bahia,"9,001",Estádio de Hailé Pinheiro,Raphael Claus,63%,37%,445,548,229,316,5,21,9,13,3,9,2,5,8,6,6,4,29,11,638,438,15,18,4,13,19,21,6,33,2,1,4,11,35,13,89,71
26,Sat,2023-10-07,18:30,Vasco da Gama,0.9,0–0,1.4,São Paulo,"20,690",Estádio Club de Regatas Vasco da Gama,Braulio Machado,39%,61%,298,379,520,589,2,11,3,11,3,3,2,2,15,7,7,3,21,5,481,690,15,14,8,5,8,11,8,20,3,1,8,7,16,16,56,45
26,Sun,2023-10-08,16:00,Internacional,2.5,3–2,0.4,Grêmio,"39,133",Estádio José Pinheiro Borba,Paulo Zanovelli,45%,55%,315,416,398,503,7,16,2,7,0,2,4,7,15,9,4,1,6,22,529,619,16,14,12,12,6,14,22,11,5,4,6,7,18,28,46,53
26,Sun,2023-10-08,16:00,Palmeiras,2.1,1–2,1.4,Santos,"17,049",Allianz Parque,Flavio de Souza,69%,31%,494,580,172,257,6,26,10,12,8,10,5,6,8,11,6,2,34,10,683,361,12,15,6,8,16,17,13,27,7,1,5,19,27,16,98,63
26,Sun,2023-10-08,16:00,Fluminense,1.1,0–2,1.9,Botafogo (RJ),"45,193",Estadio Jornalista Mário Filho,Leandro Pedro Vuaden,66%,34%,567,663,261,342,5,19,5,12,3,5,5,5,15,14,3,2,16,13,771,472,17,15,9,16,6,5,8,23,3,1,3,12,27,19,42,76
26,Sun,2023-10-08,18:30,Ath Paranaense,1.7,1–1,0.6,RB Bragantino,"15,388",Estádio Joaquim Américo Guimarães,Yuri Elino Ferreira da Cruz,44%,56%,257,380,357,478,5,23,3,12,2,3,4,5,15,15,8,7,21,20,490,584,11,10,9,9,16,11,17,24,6,0,11,14,22,23,79,74
26,Sun,2023-10-08,18:30,Atlético Mineiro,0.6,1–2,0.8,Coritiba,"38,350",Arena MRV,Marcelo de Lima Henrique,62%,38%,534,642,289,391,3,13,4,9,2,4,2,3,12,7,2,5,22,16,749,523,12,26,12,13,19,22,17,26,1,1,6,12,25,16,69,75
26,Sun,2023-10-08,18:30,Fortaleza,2.2,3–2,1.4,América (MG),"23,830",Estádio Castelão,Bruno Arleu,59%,41%,455,560,292,385,5,18,2,14,1,2,2,5,11,12,8,2,35,12,657,499,7,13,5,6,17,15,15,32,3,2,9,7,22,12,53,40
26,Sat,2023-10-07,21:00,Corinthians,1.0,1–1,0.9,Flamengo,"40,800",Neo Química Arena,Anderson Daronco,43%,57%,327,417,460,550,4,13,7,20,6,7,4,4,5,13,2,8,15,16,532,670,11,16,7,7,8,8,20,15,2,0,10,10,24,14,66,64
26,Sat,2023-10-14,20:00 (21:00),Cuiabá,0.9,0–0,0.5,Cruzeiro,"12,100",Arena Pantanal,Rodrigo José Pereira de Lima,49%,51%,366,461,392,474,2,10,2,8,2,2,2,2,9,20,5,5,24,12,551,575,16,14,11,10,10,11,17,21,3,1,4,8,26,18,56,66
27,Wed,2023-10-18,19:00,Grêmio,1.6,1–2,0.9,Ath Paranaense,"24,679",Arena do Grêmio,Luiz Flávio de Oliveira,51%,49%,401,519,376,495,5,11,7,20,5,7,4,5,9,13,4,8,21,28,658,643,15,25,9,13,17,15,39,25,1,1,9,8,22,23,63,62
27,Wed,2023-10-18,20:00,América (MG),2.9,1–2,0.5,Botafogo (RJ),"6,230",Estádio Raimundo Sampaio,Anderson Daronco,47%,53%,333,449,407,500,5,24,2,6,0,2,4,5,6,15,12,1,43,9,558,640,16,19,6,12,20,12,17,33,4,0,4,16,19,26,73,71
27,Wed,2023-10-18,20:00,Coritiba,1.4,0–3,0.4,Cuiabá,"20,873",Estádio Major Antônio Couto Pereira,Denis da Silva Ribeiro Serafim,63%,37%,474,599,241,354,3,19,6,8,3,6,3,3,14,11,4,4,39,14,701,479,12,17,15,9,16,23,12,32,2,2,3,11,36,29,77,70
27,Thu,2023-10-19,19:00,Palmeiras,0.7,0–2,1.1,Atlético Mineiro,"27,718",Allianz Parque,Bruno Arleu,56%,44%,406,516,308,411,4,12,3,13,1,3,4,4,17,19,7,2,32,5,631,554,18,23,12,11,19,12,6,41,2,2,7,11,15,10,56,89
27,Thu,2023-10-19,19:00,Cruzeiro,0.3,0–2,1.8,Flamengo,"37,073",Estádio Governador Magalhães Pinto,Rafael Rodrigo Klein,43%,57%,317,415,461,551,5,12,1,8,0,1,5,5,20,11,9,3,24,13,529,657,26,16,5,4,10,23,14,33,3,1,8,8,15,21,58,60
27,Thu,2023-10-19,20:00,Santos,1.8,1–3,2.4,RB Bragantino,"12,850",Estádio Urbano Caldeira,Raphael Claus,39%,61%,288,415,529,651,6,26,8,14,6,8,6,6,8,8,5,4,17,10,562,801,29,22,15,15,16,14,13,22,5,0,2,13,27,16,63,102
27,Wed,2023-10-18,21:30,Vasco da Gama,1.9,1–0,0.8,Fortaleza,"20,255",Estádio Club de Regatas Vasco da Gama,Leandro Pedro Vuaden,49%,51%,330,427,364,453,8,18,4,12,4,4,7,8,7,9,6,6,19,21,551,566,21,12,7,12,21,13,20,18,1,1,9,11,22,21,47,68
27,Wed,2023-10-18,21:30,Bahia,2.0,1–0,0.6,Internacional,"31,385",Itaipava Arena Fonte Nova,Marcelo de Lima Henrique,47%,53%,317,419,377,480,4,14,1,12,1,1,3,4,14,13,5,3,17,12,537,590,16,23,5,5,14,11,21,16,4,0,9,8,18,25,47,54
27,Wed,2023-10-18,21:30,Goiás,0.5,2–0,0.5,São Paulo,"12,685",Estádio de Hailé Pinheiro,Rodrigo José Pereira de Lima,26%,74%,168,259,652,739,2,7,3,8,3,3,0,2,18,15,6,3,13,14,357,829,23,15,13,8,11,16,19,9,0,0,11,4,13,21,66,86
27,Thu,2023-10-19,21:30,Fluminense,1.9,3–3,2.1,Corinthians,"35,096",Estadio Jornalista Mário Filho,Paulo Zanovelli,75%,25%,669,778,185,253,10,24,2,6,0,2,7,10,15,15,15,1,57,7,876,394,8,18,4,8,10,13,7,58,2,2,2,12,28,8,68,49
28,Sat,2023-10-21,17:30 (18:30),Cuiabá,1.3,1–1,1.8,Goiás,"14,956",Arena Pantanal,Anderson Daronco,59%,41%,429,527,278,359,5,16,2,9,2,2,4,5,13,17,13,2,42,7,621,477,17,12,4,6,21,18,15,34,4,5,5,15,16,17,70,84
28,Sat,2023-10-21,18:30,São Paulo,3.2,3–0,0.1,Grêmio,"47,132",Estádio do Morumbi,André Luiz Skettino Policarpo Bento,57%,43%,400,489,250,363,7,20,2,3,2,2,4,7,24,17,6,3,14,12,607,452,15,22,9,11,12,11,18,13,1,2,3,13,16,13,66,51
28,Sat,2023-10-21,18:30,Bahia,1.2,2–0,0.5,Fortaleza,"44,761",Itaipava Arena Fonte Nova,Rodrigo José Pereira de Lima,48%,52%,303,388,329,414,3,16,5,10,5,5,1,3,23,13,7,2,18,12,503,519,23,13,13,7,15,18,17,17,0,5,10,11,15,16,59,64
28,Sun,2023-10-22,15:00,Botafogo (RJ),0.9,1–1,1.1,Ath Paranaense,,Estádio Nilton Santos,Matheus Delgado Candançan,61%,39%,519,614,303,400,5,10,2,10,1,2,4,5,11,12,6,3,24,14,706,504,16,16,12,6,15,17,12,35,1,4,7,7,20,15,84,67
28,Sun,2023-10-22,16:00,Flamengo,0.5,1–0,1.1,Vasco da Gama,"69,473",Estadio Jornalista Mário Filho,Raphael Claus,47%,53%,346,429,384,487,5,10,7,17,7,7,4,5,10,15,7,8,16,32,555,591,16,19,13,7,16,22,25,19,1,1,5,6,11,22,57,60
28,Sun,2023-10-22,16:00,Internacional,1.6,7–1,1.6,Santos,"36,584",Estádio José Pinheiro Borba,Paulo Zanovelli,51%,49%,421,483,377,459,7,13,3,9,2,3,1,7,18,9,3,6,4,19,584,540,11,14,15,5,8,9,16,8,2,0,5,4,19,15,46,60
28,Sun,2023-10-22,16:00,Atlético Mineiro,0.6,0–1,0.9,Cruzeiro,"42,058",Arena MRV,Ramon Abatti,53%,47%,373,462,303,402,1,9,4,14,4,4,1,1,24,15,1,7,16,16,581,508,22,16,9,9,13,17,22,17,0,3,8,8,22,27,68,75
28,Sun,2023-10-22,18:30,RB Bragantino,2.2,1–0,0.5,Fluminense,"6,813",Estádio Nabi Abi Chedid,Wilton Pereira Sampaio,42%,58%,325,400,462,556,1,20,5,12,5,5,1,1,17,13,7,3,14,7,520,668,23,25,8,5,7,7,7,9,0,3,7,13,19,23,62,48
28,Sun,2023-10-22,18:30,Coritiba,0.6,0–2,1.1,Palmeiras,"19,387",Estádio Major Antônio Couto Pereira,Rafael Rodrigo Klein,46%,54%,342,441,390,510,2,13,6,19,4,6,2,2,13,18,3,6,21,31,559,619,9,21,9,6,14,12,30,24,2,2,14,5,21,20,57,85
28,Sun,2023-10-22,18:30,Corinthians,1.3,1–1,0.7,América (MG),"38,121",Neo Química Arena,Yuri Elino Ferreira da Cruz,70%,30%,599,719,220,306,6,20,4,13,3,4,5,6,15,13,4,4,29,16,804,430,12,14,7,11,17,13,12,35,1,0,13,10,37,15,74,70
29,Wed,2023-10-25,19:00,RB Bragantino,1.9,1–2,1.4,Atlético Mineiro,"5,494",Estádio Nabi Abi Chedid,Marcelo de Lima Henrique,58%,42%,368,481,239,355,3,13,3,8,2,3,2,3,13,13,17,5,42,14,595,496,12,31,8,12,21,24,22,43,1,4,7,11,25,22,71,88
29,Wed,2023-10-25,19:00,Ath Paranaense,3.1,3–2,0.9,América (MG),"20,672",Estádio Joaquim Américo Guimarães,Anderson Daronco,57%,43%,415,527,271,390,8,22,6,12,4,6,5,8,14,14,14,5,27,15,646,495,6,13,7,4,23,16,19,27,3,0,8,13,16,15,69,81
29,Wed,2023-10-25,19:00,Fluminense,2.7,5–3,0.6,Goiás,"4,793",Estadio Jornalista Mário Filho,Leandro Pedro Vuaden,65%,35%,576,664,285,361,7,19,4,9,1,4,3,7,14,21,6,1,20,13,755,471,8,14,6,10,12,12,10,24,3,1,7,7,18,19,49,42
29,Wed,2023-10-25,20:00,Cruzeiro,2.0,3–0,0.3,Bahia,"36,104",Estádio Governador Magalhães Pinto,Flavio de Souza,40%,60%,307,384,508,586,5,14,0,6,0,0,3,5,11,10,1,2,14,16,483,670,19,16,8,5,8,6,17,9,1,1,7,9,17,20,51,57
29,Wed,2023-10-25,20:00,Palmeiras,2.4,5–0,0.1,São Paulo,"32,618",Allianz Parque,Raphael Claus,46%,54%,317,390,382,453,7,11,0,3,0,0,3,7,15,16,5,0,16,6,474,546,18,10,7,6,9,5,8,13,3,2,8,6,6,17,77,61
29,Thu,2023-10-26,19:00,Vasco da Gama,1.0,1–2,1.6,Internacional,"20,098",Estádio Club de Regatas Vasco da Gama,Luiz Flávio de Oliveira,53%,47%,450,540,415,479,5,15,5,9,3,5,4,5,17,14,7,1,43,3,625,608,17,15,11,4,10,6,4,29,1,3,4,10,13,10,66,51
29,Wed,2023-10-25,20:30 (21:30),Cuiabá,0.6,0–1,1.4,Corinthians,"36,620",Arena Pantanal,André Luiz Skettino Policarpo Bento,49%,51%,412,522,442,536,2,18,5,9,4,5,2,2,11,13,6,5,37,17,614,645,11,11,7,10,15,19,17,34,2,0,4,12,19,14,40,61
29,Wed,2023-10-25,21:30,Grêmio,1.0,3–2,0.8,Flamengo,"22,325",Arena do Grêmio,Rodrigo José Pereira de Lima,38%,62%,307,406,575,657,4,11,4,8,2,4,1,4,14,16,6,1,23,7,506,768,19,21,8,4,5,18,13,28,0,0,4,8,19,11,54,54
29,Thu,2023-10-26,21:30,Santos,2.2,2–1,0.8,Coritiba,"12,205",Estádio Urbano Caldeira,Wagner Magalhães,63%,37%,438,545,207,316,6,24,1,2,1,1,5,6,15,21,11,2,39,10,659,441,15,19,5,11,34,20,18,36,1,2,4,10,25,14,66,63
30,Sat,2023-10-28,19:00,América (MG),2.2,3–4,2.2,Grêmio,"3,008",Estádio Raimundo Sampaio,Matheus Delgado Candançan,43%,57%,339,440,472,580,6,15,10,16,7,10,3,6,11,5,5,7,17,16,562,675,18,14,18,9,13,9,20,13,1,1,10,19,17,19,55,59
30,Sat,2023-10-28,19:00,Palmeiras,1.7,1–0,0.1,Bahia,"33,747",Allianz Parque,Rodrigo José Pereira de Lima,63%,37%,481,567,247,340,9,26,1,5,1,1,8,9,15,17,6,1,20,10,669,432,10,14,11,8,19,17,13,19,5,0,7,13,27,21,107,62
30,Sun,2023-10-29,16:00,Goiás,1.1,1–1,0.9,Vasco da Gama,"12,904",Estádio de Hailé Pinheiro,Flavio de Souza,45%,55%,283,386,378,463,6,18,2,5,1,2,5,6,17,12,7,2,26,17,485,587,13,15,6,12,19,12,12,37,0,1,4,10,35,18,58,76
30,Sun,2023-10-29,16:00,Ath Paranaense,1.2,1–1,0.6,São Paulo,"27,604",Estádio Joaquim Américo Guimarães,Rafael Rodrigo Klein,43%,57%,301,380,424,509,5,16,2,5,1,2,4,5,13,12,4,3,19,8,479,584,19,14,8,5,20,13,10,18,3,0,6,14,15,13,51,60
30,Sun,2023-10-29,18:30,Internacional,2.7,3–4,2.7,Coritiba,"36,272",Estádio José Pinheiro Borba,André Luiz Skettino Policarpo Bento,62%,38%,414,512,237,319,8,16,4,10,2,4,6,8,13,18,5,1,29,10,608,430,12,9,4,7,9,15,14,33,0,1,4,7,23,15,48,65
30,Sun,2023-10-29,18:30,Corinthians,1.2,1–1,1.3,Santos,"42,248",Neo Química Arena,Anderson Daronco,61%,39%,393,516,226,325,7,17,1,9,1,1,7,7,22,14,10,3,34,16,616,459,29,6,6,14,20,19,16,25,3,1,10,11,30,18,81,74
30,Sun,2023-10-29,20:00,Botafogo (RJ),2.0,0–1,1.1,Cuiabá,"30,659",Estádio Nilton Santos,Wilton Pereira Sampaio,67%,33%,556,652,234,323,9,32,1,6,0,1,9,9,12,17,7,2,45,9,751,440,14,21,3,7,21,20,11,31,2,4,6,14,26,15,74,81
30,Sat,2023-10-28,22:00,Atlético Mineiro,1.2,2–0,0.8,Fluminense,"23,003",Estádio Governador Magalhães Pinto,Raphael Claus,47%,53%,338,440,415,490,3,18,3,11,3,3,1,3,15,11,9,4,26,14,538,606,25,16,5,5,9,12,12,19,2,2,6,10,18,13,68,36
31,Tue,2023-10-31,19:00,Bahia,0.5,1–0,0.7,Fluminense,"34,319",Itaipava Arena Fonte Nova,Edina Alves Batista,44%,56%,338,439,448,552,5,8,4,17,4,4,4,5,15,16,2,4,11,17,547,648,23,14,8,9,22,15,16,13,1,1,11,3,20,22,72,61
31,Wed,2023-11-01,19:00,Corinthians,1.0,1–0,0.8,Ath Paranaense,"29,870",Neo Química Arena,Leandro Pedro Vuaden,45%,55%,358,455,448,565,3,12,3,19,3,3,2,3,4,11,1,7,11,24,596,670,24,19,13,9,12,6,22,14,2,2,14,8,17,18,66,78
31,Wed,2023-11-01,19:00,Internacional,1.3,1–1,0.3,América (MG),"14,961",Estádio José Pinheiro Borba,Flavio de Souza,56%,44%,447,559,327,438,4,15,2,11,1,2,3,4,15,14,3,5,19,21,667,547,20,14,7,15,13,16,18,16,0,2,10,11,23,16,66,67
31,Wed,2023-11-01,20:00,Coritiba,1.5,1–2,1.4,Grêmio,"24,308",Estádio Major Antônio Couto Pereira,Marcelo de Lima Henrique,52%,48%,361,476,327,446,1,12,4,19,2,4,1,1,11,7,6,11,28,26,605,573,24,14,18,9,17,18,25,24,0,0,12,10,16,21,63,69
31,Wed,2023-11-01,20:00,Flamengo,1.2,1–2,0.6,Santos,"64,708",Estadio Jornalista Mário Filho,Rafael Rodrigo Klein,60%,40%,485,561,296,373,4,8,5,15,3,5,3,4,13,16,1,6,5,16,663,474,20,14,10,14,11,12,10,14,0,2,8,5,21,15,56,59
31,Thu,2023-11-02,16:00 (17:00),Cuiabá,0.6,0–2,1.4,Vasco da Gama,"27,604",Arena Pantanal,Ramon Abatti,51%,49%,435,520,409,496,2,13,3,10,1,3,2,2,13,10,5,1,27,9,602,593,16,17,6,8,11,9,8,21,0,2,7,11,26,19,68,73
31,Thu,2023-11-02,18:00,Goiás,1.5,0–2,3.1,RB Bragantino,"10,182",Estádio de Hailé Pinheiro,Rodrigo José Pereira de Lima,43%,57%,207,315,329,421,5,20,7,23,5,7,5,5,18,18,10,7,24,21,431,549,18,5,7,9,18,28,20,23,5,1,17,10,18,20,74,65
31,Thu,2023-11-02,20:00,São Paulo,0.7,1–0,1.0,Cruzeiro,"50,570",Estádio do Morumbi,Wilton Pereira Sampaio,55%,45%,465,542,374,452,5,13,4,19,4,4,4,5,10,12,3,4,12,10,638,568,11,14,8,5,11,7,8,12,5,1,10,7,16,33,53,47
31,Wed,2023-11-01,21:30,Atlético Mineiro,2.3,3–1,0.4,Fortaleza,"28,898",Estádio Governador Magalhães Pinto,Matheus Delgado Candançan,56%,44%,426,539,313,418,3,10,2,8,1,2,1,3,10,14,0,4,15,13,630,516,22,19,11,10,7,20,8,13,1,1,8,8,21,18,67,73
31,Wed,2023-11-01,21:30,Botafogo (RJ),3.5,3–4,1.7,Palmeiras,"34,913",Estádio Nilton Santos,Braulio da Silva Machado,40%,60%,261,328,414,499,7,17,6,15,2,6,4,7,12,13,2,6,8,36,436,578,17,9,9,10,12,10,28,9,0,3,8,8,13,21,67,67
32,Sat,2023-11-04,19:30,Grêmio,0.5,1–0,0.9,Bahia,"40,154",Arena do Grêmio,Braulio Machado,42%,58%,303,424,469,582,3,7,5,19,5,5,2,3,9,17,5,4,13,15,535,712,12,25,10,13,18,19,21,27,1,0,11,3,24,21,61,64
32,Sat,2023-11-04,19:30,América (MG),1.4,1–1,1.0,Atlético Mineiro,"5,706",Estádio Raimundo Sampaio,Rodrigo José Pereira de Lima,40%,60%,294,403,485,596,4,12,5,15,4,5,3,4,11,20,0,4,14,24,514,692,16,16,10,12,11,10,25,16,0,2,5,9,19,21,60,65
32,Sun,2023-11-05,16:00,Fortaleza,0.8,0–2,0.7,Flamengo,"49,324",Estádio Castelão,Anderson Daronco,52%,48%,438,534,395,484,4,18,5,7,3,5,4,4,9,11,4,3,28,10,629,603,19,20,10,5,11,11,13,33,5,0,6,10,18,19,58,54
32,Sun,2023-11-05,16:00,RB Bragantino,1.1,1–0,0.3,Corinthians,"10,797",Estádio Nabi Abi Chedid,Raphael Claus,54%,46%,321,433,245,366,6,19,2,9,2,2,5,6,14,12,10,6,25,13,578,488,22,23,10,13,20,15,23,23,0,0,9,18,20,34,66,68
32,Sun,2023-11-05,16:00,Cruzeiro,1.4,1–2,0.6,Internacional,"36,801",Estádio Governador Magalhães Pinto,Matheus Delgado Candançan,62%,38%,483,586,270,356,4,19,3,9,1,3,4,4,9,10,8,1,33,6,684,484,13,26,6,13,17,12,5,31,2,0,3,12,29,17,60,65
32,Sun,2023-11-05,18:30,Coritiba,0.3,0–1,1.3,Goiás,"12,942",Estádio Major Antônio Couto Pereira,Rafael Rodrigo Klein,50%,50%,360,473,368,467,2,8,6,22,5,6,2,2,17,22,5,9,22,18,582,586,17,10,4,5,24,23,24,26,0,1,7,9,19,17,55,83
32,Sat,2023-11-04,21:30,Palmeiras,1.5,1–0,0.6,Ath Paranaense,"17,301",Allianz Parque,Wilton Pereira Sampaio,47%,53%,312,429,376,482,6,18,2,15,2,2,5,6,17,17,2,2,13,19,543,606,26,12,5,9,14,12,16,19,2,1,13,9,20,32,90,72
32,Mon,2023-11-06,19:00,Vasco da Gama,0.5,1–0,0.5,Botafogo (RJ),"21,043",Estádio Club de Regatas Vasco da Gama,Leandro Pedro Vuaden,42%,58%,256,369,399,508,3,9,2,12,2,2,2,3,23,13,4,4,19,24,486,621,14,16,12,8,18,24,25,23,2,2,6,3,20,23,70,65
32,Mon,2023-11-06,21:00,Santos,0.1,0–0,0.5,Cuiabá,"12,923",Estádio Urbano Caldeira,Savio Pereira,60%,40%,421,545,258,370,2,4,0,7,0,0,2,2,13,7,4,4,30,19,650,491,13,19,16,6,13,18,15,24,0,1,11,10,35,33,82,78
33,Wed,2023-11-08,19:00,América (MG),0.4,0–3,0.9,Coritiba,"1,943",Estádio Raimundo Sampaio,Marcelo de Lima Henrique,59%,41%,499,598,322,412,3,11,5,10,2,5,3,3,16,13,8,4,29,10,689,512,12,10,14,16,14,9,11,26,0,1,2,9,18,12,53,71
33,Wed,2023-11-08,19:00,Internacional,1.1,0–0,0.5,Fluminense,"18,669",Estádio José Pinheiro Borba,Rodrigo José Pereira de Lima,40%,60%,333,415,549,616,4,20,4,8,4,4,4,4,13,16,5,3,18,9,518,727,18,10,10,10,6,8,7,20,4,0,6,9,18,18,54,36
33,Wed,2023-11-08,20:00,Ath Paranaense,1.2,1–1,0.7,Fortaleza,"19,831",Estádio Joaquim Américo Guimarães,Raphael Claus,57%,43%,303,412,217,313,3,20,3,13,2,3,2,3,20,12,14,2,30,14,532,451,14,18,11,12,20,19,25,35,3,1,14,13,29,21,58,63
33,Wed,2023-11-08,20:00,São Paulo,2.0,1–0,0.5,RB Bragantino,"11,948",Estádio do Morumbi,Flavio de Souza,57%,43%,402,492,259,368,4,14,3,10,3,3,4,4,10,24,9,5,20,25,617,477,15,25,7,10,19,24,26,16,0,2,4,6,20,14,88,56
33,Thu,2023-11-09,19:00,Corinthians,1.5,1–1,1.1,Atlético Mineiro,"30,348",Neo Química Arena,Braulio da Silva Machado,40%,60%,289,390,484,579,9,15,3,14,2,3,8,9,8,19,5,6,17,29,508,694,22,12,6,6,22,21,18,22,3,0,14,4,15,17,65,68
33,Thu,2023-11-09,19:00,Goiás,0.8,0–1,0.9,Santos,"11,836",Estádio de Hailé Pinheiro,Paulo Zanovelli,58%,42%,387,501,264,358,3,13,4,15,3,4,3,3,19,13,5,6,28,14,617,497,16,17,7,16,17,17,21,38,2,1,15,6,32,21,72,69
33,Thu,2023-11-09,20:00,Botafogo (RJ),1.4,3–4,2.0,Grêmio,"17,708",Estádio Nilton Santos,Ramon Abatti,51%,49%,333,439,303,414,5,12,6,13,2,6,2,5,8,17,2,6,18,10,547,509,11,16,11,11,12,13,15,17,0,0,8,10,22,25,61,74
33,Thu,2023-11-09,20:00,Bahia,0.7,0–3,2.0,Cuiabá,"33,931",Itaipava Arena Fonte Nova,Felipe Fernandes de Lima,62%,38%,506,603,293,372,4,15,5,10,3,5,4,4,10,23,7,4,24,20,705,502,25,13,13,13,15,12,14,27,0,3,7,6,23,16,42,60
33,Wed,2023-11-08,21:30,Flamengo,1.4,3–0,1.0,Palmeiras,"64,590",Estadio Jornalista Mário Filho,Rodrigo José Pereira de Lima,51%,49%,483,537,444,506,6,12,1,12,1,1,3,6,13,17,4,5,12,17,642,598,16,14,6,8,6,7,24,15,0,3,5,5,9,13,49,53
34,Sat,2023-11-11,16:00,Coritiba,0.7,1–0,0.6,Cruzeiro,"7,243",Estádio Major Antônio Couto Pereira,Braulio Machado,45%,55%,286,383,362,471,3,7,4,13,4,4,2,3,15,18,1,5,15,27,484,561,11,18,6,11,15,14,24,10,2,1,10,8,22,27,70,75
34,Sat,2023-11-11,18:30,Flamengo,1.2,1–1,1.0,Fluminense,"59,970",Estadio Jornalista Mário Filho,Wilton Pereira Sampaio,42%,58%,335,417,514,582,7,11,4,13,3,4,6,7,13,17,5,2,16,9,500,676,19,13,8,7,14,6,14,21,3,2,7,5,13,17,54,39
34,Sun,2023-11-12,16:00,Grêmio,1.4,0–1,0.6,Corinthians,"49,459",Arena do Grêmio,Rodrigo José Pereira de Lima,73%,27%,557,671,157,242,9,26,4,10,3,4,9,9,15,6,12,1,48,7,779,392,12,17,9,12,18,17,7,48,2,0,7,17,21,13,61,69
34,Sun,2023-11-12,16:00,RB Bragantino,2.9,2–2,0.8,Botafogo (RJ),"9,869",Estádio Nabi Abi Chedid,Anderson Daronco,65%,35%,417,543,168,298,7,25,4,11,2,4,5,7,12,16,7,3,34,13,656,433,10,24,8,10,20,22,12,38,0,3,7,15,27,21,76,90
34,Sun,2023-11-12,17:30 (18:30),Cuiabá,1.6,2–1,0.5,Fortaleza,"14,728",Arena Pantanal,Caio Max Augusto Vieira,36%,64%,296,373,576,674,3,6,3,13,2,3,2,3,7,15,2,9,12,46,474,745,12,11,4,4,15,7,36,8,2,2,8,3,13,18,62,75
34,Sun,2023-11-12,18:30,Santos,0.7,0–0,1.6,São Paulo,"13,442",Estádio Urbano Caldeira,Raphael Claus,30%,70%,209,280,553,649,3,11,3,12,3,3,3,3,12,14,1,4,10,20,405,739,21,16,9,4,19,8,27,11,1,1,7,5,13,36,46,76
34,Sun,2023-11-12,18:30,Atlético Mineiro,1.2,2–1,1.0,Goiás,"29,173",,Marcelo de Lima Henrique,48%,52%,336,433,372,477,3,7,5,21,4,5,2,3,17,16,3,7,14,24,549,570,15,13,6,9,15,25,24,15,1,3,13,5,9,19,59,72
34,Sun,2023-11-12,18:30,Bahia,2.5,1–1,0.7,Ath Paranaense,"33,214",Itaipava Arena Fonte Nova,Rafael Rodrigo Klein,51%,49%,348,463,329,438,4,27,4,6,3,4,4,4,8,14,11,5,29,12,587,578,20,15,12,15,20,17,16,27,0,0,4,12,23,16,60,74
34,Sun,2023-11-12,18:30,Vasco da Gama,1.7,2–1,2.5,América (MG),"19,478",Estádio Club de Regatas Vasco da Gama,Savio Pereira,49%,51%,350,438,365,452,6,17,6,16,5,6,4,6,13,12,7,8,32,31,542,549,12,13,4,8,12,22,32,25,0,0,5,6,20,19,75,61
34,Sat,2023-11-11,21:00,Palmeiras,1.7,3–0,0.7,Internacional,"19,358",Allianz Parque,Paulo Zanovelli,39%,61%,281,380,508,600,10,18,5,7,5,5,7,10,13,13,6,3,15,12,479,701,21,10,9,7,17,5,14,16,3,1,4,8,15,24,63,44
30,Sat,2023-11-18,18:30,Fortaleza,1.2,0–1,0.9,Cruzeiro,"30,804",Estádio Castelão,Savio Pereira,53%,47%,299,406,288,365,7,18,2,7,1,2,7,7,16,14,11,1,37,9,491,472,18,10,8,5,19,8,8,36,6,0,6,9,15,17,55,58
33,Wed,2023-11-22,19:00,Cruzeiro,1.5,2–2,0.8,Vasco da Gama,,Estádio Governador Magalhães Pinto,Leandro Pedro Vuaden,49%,51%,323,424,345,441,3,13,4,9,2,4,2,3,12,9,7,5,23,20,525,544,13,10,8,4,12,17,19,25,3,6,8,9,25,32,70,74
29,Thu,2023-11-23,19:00,Fortaleza,2.0,2–2,0.8,Botafogo (RJ),"25,828",Estádio Castelão,Ramon Abatti,31%,69%,190,273,505,597,4,15,1,9,0,1,2,4,17,19,4,5,15,16,384,707,17,17,8,3,15,15,28,12,2,0,7,7,17,25,61,57
32,Wed,2023-11-22,21:30,Fluminense,1.0,1–0,0.1,São Paulo,"44,694",Estadio Jornalista Mário Filho,André Luiz Skettino Policarpo Bento,59%,41%,466,530,289,364,8,24,1,4,1,1,7,8,25,14,3,4,22,10,625,454,16,14,5,5,8,5,8,25,1,2,3,11,14,18,38,65
30,Thu,2023-11-23,21:30,Flamengo,1.1,1–0,1.3,RB Bragantino,"57,699",Estadio Jornalista Mário Filho,Braulio Machado,53%,47%,357,476,327,426,4,16,3,19,3,3,3,4,10,15,8,6,20,16,576,547,19,14,7,11,16,14,14,22,2,2,7,7,18,15,72,62
35,Sat,2023-11-25,19:30,Ath Paranaense,1.5,0–0,0.6,Vasco da Gama,"22,056",Estádio Joaquim Américo Guimarães,Anderson Daronco,55%,45%,371,469,294,388,4,18,2,8,2,2,4,4,15,19,5,1,25,9,565,490,10,11,7,8,12,14,8,29,2,2,7,17,28,23,54,85
35,Fri,2023-11-24,21:00,Corinthians,0.9,1–5,2.7,Bahia,"39,403",Neo Química Arena,Marcelo de Lima Henrique,65%,35%,564,660,274,353,4,14,5,11,2,5,3,4,9,14,3,3,22,6,745,469,14,19,8,16,8,14,4,25,1,1,1,12,29,14,55,50
35,Sun,2023-11-26,16:00,Atlético Mineiro,2.1,3–0,1.1,Grêmio,"39,337",Arena MRV,Braulio Machado,44%,56%,372,453,480,567,6,17,5,21,5,5,3,6,10,12,7,7,13,15,575,674,21,18,11,9,9,16,27,8,1,0,9,8,10,11,65,45
35,Sun,2023-11-26,16:00,Botafogo (RJ),1.6,1–1,0.3,Santos,"26,548",Estádio Nilton Santos,Wilton Pereira Sampaio,46%,54%,328,411,381,476,4,18,5,8,4,5,3,4,14,15,4,5,19,14,533,584,17,23,9,4,16,17,23,16,1,4,4,15,24,22,70,73
35,Sun,2023-11-26,18:30,São Paulo,0.8,0–0,0.1,Cuiabá,"34,252",Estádio do Morumbi,Paulo Zanovelli,62%,38%,637,718,357,439,4,19,0,3,0,0,4,4,12,11,5,1,22,17,804,533,10,11,12,8,6,6,9,24,1,2,3,11,20,19,46,63
35,Sun,2023-11-26,18:30,Fortaleza,1.8,2–2,0.8,Palmeiras,"39,504",Estádio Castelão,André Luiz Skettino Policarpo Bento,38%,62%,223,294,386,477,7,20,5,13,3,5,5,7,18,11,4,7,10,20,404,557,14,12,12,3,12,9,28,6,0,1,7,12,17,10,54,50
35,Sun,2023-11-26,18:30,América (MG),0.5,0–3,3.0,Flamengo,"39,900",Estádio Raimundo Sampaio,Rodrigo José Pereira de Lima,43%,57%,340,413,467,556,1,11,8,24,5,8,1,1,9,13,3,7,15,23,529,650,12,16,7,7,7,8,25,13,0,0,10,8,11,16,49,50
35,Sun,2023-11-26,18:30,Internacional,1.1,1–0,0.5,RB Bragantino,"22,170",Estádio José Pinheiro Borba,Felipe Fernandes de Lima,34%,66%,194,307,469,588,1,7,5,13,5,5,1,1,18,13,4,7,9,27,424,693,19,15,10,9,19,17,30,11,0,4,11,5,17,15,63,90
35,Sat,2023-11-25,21:00,Fluminense,1.9,2–1,0.8,Coritiba,"19,919",Estadio Jornalista Mário Filho,Matheus Delgado Candançan,64%,36%,571,643,275,357,8,21,2,15,1,2,6,8,15,10,6,5,11,11,777,481,23,20,14,15,14,9,10,19,1,3,10,8,17,22,46,53
35,Mon,2023-11-27,21:00,Goiás,0.4,0–1,0.9,Cruzeiro,"9,143",Estádio de Hailé Pinheiro,Ramon Abatti,49%,51%,309,406,326,415,3,10,7,12,6,7,3,3,18,17,4,5,20,21,502,510,10,13,11,10,16,18,24,17,0,3,7,12,21,20,78,75
36,Wed,2023-11-29,19:00 (20:00),Cuiabá,0.6,0–2,1.4,Internacional,"12,527",Arena Pantanal,Dyorgines José Padovani Andrade,45%,55%,353,430,461,524,1,10,4,12,2,4,1,1,13,12,2,5,19,13,500,609,13,10,5,7,18,4,10,15,1,1,5,9,17,18,46,56
36,Wed,2023-11-29,19:00,Santos,1.5,0–3,1.1,Fluminense,"12,855",Estádio Urbano Caldeira,Anderson Daronco,29%,71%,247,315,676,759,8,27,5,9,2,5,8,8,18,9,5,3,25,8,423,856,17,20,8,3,9,12,7,25,3,0,2,16,15,17,44,43
36,Wed,2023-11-29,19:30,Flamengo,1.2,0–3,1.1,Atlético Mineiro,"65,305",Estadio Jornalista Mário Filho,Ramon Abatti,59%,41%,532,628,357,440,4,19,6,11,3,6,4,4,12,12,10,1,42,4,727,576,15,14,7,19,19,9,4,46,0,3,3,16,29,11,51,72
36,Wed,2023-11-29,20:00,Bahia,0.9,0–1,1.0,São Paulo,"46,288",Itaipava Arena Fonte Nova,Braulio Machado,33%,67%,231,307,546,629,3,14,5,14,4,5,3,3,15,11,3,5,15,14,423,718,22,12,12,5,9,12,16,10,0,3,7,5,11,14,38,58
36,Tue,2023-11-28,21:30,Vasco da Gama,1.4,2–4,1.4,Corinthians,"20,220",Estádio Club de Regatas Vasco da Gama,Savio Pereira,53%,47%,487,581,445,518,8,20,5,14,1,5,6,8,9,5,8,3,45,14,682,652,12,10,8,3,11,18,19,46,0,1,4,10,21,14,63,47
36,Thu,2023-11-30,19:00,Grêmio,1.1,2–1,0.6,Goiás,"36,875",Arena do Grêmio,Marcelo de Lima Henrique,51%,49%,368,482,363,471,8,13,6,14,5,6,6,8,16,14,6,3,17,12,604,597,16,18,11,17,14,19,14,19,0,1,6,5,25,17,61,80
36,Thu,2023-11-30,20:00,Cruzeiro,3.6,1–1,1.0,Ath Paranaense,"36,696",Estádio Governador Magalhães Pinto,Leandro Pedro Vuaden,57%,43%,424,511,301,381,7,25,3,6,2,3,6,7,10,13,2,3,28,11,607,491,16,11,6,10,12,13,15,25,1,1,4,13,23,15,65,75
36,Thu,2023-11-30,20:30,RB Bragantino,1.5,1–2,0.7,Fortaleza,"4,516",Estádio Nabi Abi Chedid,Denis da Silva Ribeiro Serafim,73%,27%,561,693,137,250,6,17,4,6,2,4,5,6,9,10,15,3,44,4,786,368,7,15,6,13,22,17,8,34,0,2,8,13,36,22,86,85
36,Wed,2023-11-29,21:30,Coritiba,1.7,1–1,2.0,Botafogo (RJ),,Estádio Major Antônio Couto Pereira,Rodrigo José Pereira de Lima,47%,53%,370,454,420,519,2,13,5,23,5,5,1,2,15,11,3,10,13,37,571,616,8,20,14,6,20,20,31,9,0,0,14,9,13,16,73,82
36,Wed,2023-11-29,21:30,Palmeiras,3.2,4–0,0.1,América (MG),"29,717",Allianz Parque,Wilton Pereira Sampaio,46%,54%,318,398,388,471,12,25,1,5,1,1,9,12,10,15,10,2,24,6,507,571,21,16,8,8,11,10,7,20,2,2,3,12,13,19,55,41
37,Sat,2023-12-02,18:00,Corinthians,1.8,1–2,1.0,Internacional,"40,583",Neo Química Arena,Caio Max Augusto Vieira,50%,50%,461,541,476,550,2,9,3,11,1,3,1,2,4,13,5,4,22,11,630,634,11,12,8,2,15,7,16,20,2,1,8,8,21,8,77,48
37,Sun,2023-12-03,16:00,Palmeiras,2.0,1–0,0.3,Fluminense,"29,986",Allianz Parque,Braulio Machado,37%,63%,275,354,545,613,5,22,2,6,2,2,4,5,11,12,7,1,27,4,451,711,15,15,9,6,5,8,12,24,1,3,4,17,20,13,70,31
37,Sun,2023-12-03,16:00,Flamengo,1.5,2–1,0.8,Cuiabá,"63,148",Estadio Jornalista Mário Filho,Rodrigo José Pereira de Lima,68%,32%,620,684,269,326,6,19,0,1,0,0,4,6,13,9,6,2,14,5,775,418,16,13,12,5,9,6,9,21,0,1,5,11,12,9,60,41
37,Sun,2023-12-03,18:30,América (MG),1.2,3–2,3.7,Bahia,"2,471",Estádio Raimundo Sampaio,Marcelo de Lima Henrique,43%,57%,306,394,421,513,3,11,4,26,3,4,0,3,15,4,2,10,17,34,502,624,10,15,8,10,20,17,29,12,1,3,17,8,23,22,67,65
37,Sun,2023-12-03,18:30,Ath Paranaense,1.0,3–0,0.7,Santos,"21,056",Estádio Joaquim Américo Guimarães,Rafael Rodrigo Klein,54%,46%,347,444,303,385,6,12,3,13,3,3,3,6,18,15,6,6,15,28,537,489,13,13,6,9,17,24,21,25,1,0,12,4,20,16,68,52
37,Sun,2023-12-03,18:30,Botafogo (RJ),1.0,0–0,0.9,Cruzeiro,"15,462",Estádio Nilton Santos,Wilton Pereira Sampaio,60%,40%,486,575,286,381,2,16,3,7,3,3,2,2,17,13,6,2,21,10,664,466,11,18,13,11,12,12,10,18,3,4,9,13,20,15,76,76
37,Sun,2023-12-03,18:30,Fortaleza,1.2,1–0,0.4,Goiás,"50,317",Estádio Castelão,Anderson Daronco,47%,53%,398,487,483,560,1,6,1,5,1,1,0,1,19,14,4,2,23,8,571,650,25,7,9,12,5,5,13,18,2,0,3,7,16,15,49,43
37,Sun,2023-12-03,18:30,RB Bragantino,2.1,1–0,0.3,Coritiba,"3,442",Estádio Nabi Abi Chedid,Dyorgines José Padovani Andrade,64%,36%,418,540,201,305,9,27,0,6,0,0,8,9,16,10,12,6,44,10,669,454,26,18,7,7,11,16,14,40,1,1,5,14,23,26,78,66
37,Sun,2023-12-03,18:30,Grêmio,0.8,1–0,0.8,Vasco da Gama,"50,481",Arena do Grêmio,Ramon Abatti,47%,53%,333,423,382,475,5,13,1,8,1,1,4,5,18,12,5,6,7,31,521,569,18,7,6,18,12,4,21,13,1,2,10,9,24,19,61,53
37,Sat,2023-12-02,21:00,Atlético Mineiro,0.8,2–1,1.9,São Paulo,"53,856",Estádio Governador Magalhães Pinto,Savio Pereira,48%,52%,366,442,409,477,2,7,4,15,4,4,0,2,15,9,3,5,16,13,552,597,31,21,8,5,8,7,13,21,0,0,7,6,24,25,81,62
38,Wed,2023-12-06,19:00,Goiás,0.9,1–0,0.9,América (MG),"1,966",Estádio de Hailé Pinheiro,Davi de Oliveira Lacerda,42%,58%,301,406,475,548,2,14,3,11,3,3,1,2,12,13,8,7,20,33,505,656,20,15,6,14,6,12,20,22,3,2,13,3,17,18,67,57
38,Wed,2023-12-06,20:30 (21:30),Cuiabá,2.4,3–0,1.0,Ath Paranaense,"9,689",Arena Pantanal,Paulo Belence Alves dos Prazeres Filho,44%,56%,360,429,466,550,5,13,3,17,3,3,3,5,9,15,5,9,13,25,539,633,11,15,5,5,18,10,28,11,3,2,7,7,11,12,56,61
38,Wed,2023-12-06,21:30,Bahia,1.4,4–1,1.1,Atlético Mineiro,"28,019",Itaipava Arena Fonte Nova,Ramon Abatti,38%,62%,260,350,489,583,6,15,5,7,4,5,2,6,16,10,3,5,11,11,448,667,18,11,9,10,10,8,11,17,2,3,1,11,18,15,44,71
38,Wed,2023-12-06,21:30,Coritiba,0.6,0–2,0.9,Corinthians,,Estádio Major Antônio Couto Pereira,Jonathan Benkenstein Pinheiro,45%,55%,426,486,511,583,5,13,6,13,4,6,5,5,17,12,6,6,20,23,577,671,14,9,9,7,10,7,16,17,0,1,5,5,11,14,43,66
38,Wed,2023-12-06,21:30,Vasco da Gama,1.6,2–1,0.8,RB Bragantino,"20,037",Estádio Club de Regatas Vasco da Gama,Wilton Pereira Sampaio,45%,55%,277,364,343,438,6,13,2,9,1,2,4,6,8,14,2,3,21,11,461,525,18,10,8,7,27,16,23,15,0,1,4,9,21,22,71,45
38,Wed,2023-12-06,21:30,Internacional,1.2,3–1,0.4,Botafogo (RJ),"27,365",Estádio José Pinheiro Borba,Flavio de Souza,53%,47%,511,587,434,518,3,7,5,9,4,5,0,3,10,10,1,5,5,23,672,586,13,11,8,12,10,10,25,3,2,3,3,6,9,17,48,69
38,Wed,2023-12-06,21:30,Fluminense,2.8,2–3,2.4,Grêmio,"44,190",Estadio Jornalista Mário Filho,Raphael Claus,69%,31%,630,693,247,317,6,22,4,11,2,4,5,6,12,12,7,3,26,10,805,423,15,15,9,9,6,3,14,24,0,0,7,10,15,19,40,48
38,Wed,2023-12-06,21:30,Santos,1.0,1–2,1.2,Fortaleza,"14,130",Estádio Urbano Caldeira,Leandro Pedro Vuaden,54%,46%,311,415,237,347,6,15,7,14,5,7,5,6,15,9,10,6,26,15,539,476,14,25,12,9,21,13,27,37,4,2,8,9,27,30,67,87
38,Wed,2023-12-06,21:30,São Paulo,0.5,1–0,0.5,Flamengo,"36,618",Estádio do Morumbi,Caio Max Augusto Vieira,43%,57%,364,437,503,581,3,10,2,10,2,2,2,3,13,16,4,9,9,24,536,675,15,16,5,15,7,11,20,7,2,0,6,5,18,16,46,53
38,Wed,2023-12-06,21:30,Cruzeiro,1.6,1–1,1.4,Palmeiras,"44,190",Estádio Governador Magalhães Pinto,Anderson Daronco,56%,44%,399,489,297,385,6,14,5,8,4,5,5,6,9,19,3,4,13,13,570,479,11,10,6,8,9,14,14,21,0,0,2,14,24,19,37,73
